CREATE DATABASE  IF NOT EXISTS `doanqlnt` /*!40100 DEFAULT CHARACTER SET utf8mb4 COLLATE utf8mb4_0900_ai_ci */ /*!80016 DEFAULT ENCRYPTION='N' */;
USE `doanqlnt`;
-- MySQL dump 10.13  Distrib 8.0.34, for Win64 (x86_64)
--
-- Host: localhost    Database: doanqlnt
-- ------------------------------------------------------
-- Server version	8.0.34

/*!40101 SET @OLD_CHARACTER_SET_CLIENT=@@CHARACTER_SET_CLIENT */;
/*!40101 SET @OLD_CHARACTER_SET_RESULTS=@@CHARACTER_SET_RESULTS */;
/*!40101 SET @OLD_COLLATION_CONNECTION=@@COLLATION_CONNECTION */;
/*!50503 SET NAMES utf8 */;
/*!40103 SET @OLD_TIME_ZONE=@@TIME_ZONE */;
/*!40103 SET TIME_ZONE='+00:00' */;
/*!40014 SET @OLD_UNIQUE_CHECKS=@@UNIQUE_CHECKS, UNIQUE_CHECKS=0 */;
/*!40014 SET @OLD_FOREIGN_KEY_CHECKS=@@FOREIGN_KEY_CHECKS, FOREIGN_KEY_CHECKS=0 */;
/*!40101 SET @OLD_SQL_MODE=@@SQL_MODE, SQL_MODE='NO_AUTO_VALUE_ON_ZERO' */;
/*!40111 SET @OLD_SQL_NOTES=@@SQL_NOTES, SQL_NOTES=0 */;

--
-- Table structure for table `account`
--

DROP TABLE IF EXISTS `account`;
/*!40101 SET @saved_cs_client     = @@character_set_client */;
/*!50503 SET character_set_client = utf8mb4 */;
CREATE TABLE `account` (
  `account_id` int NOT NULL AUTO_INCREMENT,
  `account_name` varchar(255) NOT NULL,
  `email` varchar(255) NOT NULL,
  `password` varchar(255) NOT NULL,
  `role` varchar(100) DEFAULT 'customer',
  `created_at` timestamp NULL DEFAULT CURRENT_TIMESTAMP,
  `phone_number` varchar(10) DEFAULT NULL,
  `status` tinyint DEFAULT '1',
  `address` varchar(255) DEFAULT NULL,
  PRIMARY KEY (`account_id`),
  UNIQUE KEY `email_UNIQUE` (`email`)
) ENGINE=InnoDB AUTO_INCREMENT=11 DEFAULT CHARSET=utf8mb4 COLLATE=utf8mb4_0900_ai_ci;
/*!40101 SET character_set_client = @saved_cs_client */;

--
-- Dumping data for table `account`
--

LOCK TABLES `account` WRITE;
/*!40000 ALTER TABLE `account` DISABLE KEYS */;
INSERT INTO `account` VALUES (1,'adminFurni','adminfurni123@gmail.com','admin','admin','2023-12-26 09:45:44','0867008710',1,'Hưng yên'),(5,'Phạm Thị Hương','buihaihiep123@gmail.com','@Hiep123','customer','2024-06-01 18:18:37','0333256738',1,'Hưng yên'),(6,'Bùi Hải Hiệp','buihaihiep15042002@gmail.com','@Hiep1234','customer','2024-01-23 15:55:19','0768596965',1,'Hưng yên'),(7,'Nguyễn Văn Tùng','tung26012002@gmail.com','tung123','customer','2024-05-31 17:53:30','0862314723',1,'Hưng Yên'),(8,'Phí Đức Thanh','andewnguyen322@gmail.com','123456','customer','2024-06-01 06:37:26','0932714322',1,'Hưng Yên'),(9,'Bùi Đăng Dinh','buidangdinh1965@gmail.com','321456','customer','2024-06-01 08:37:25','0321123456',1,'Hưng Yên'),(10,'Vũ Thị Thơ','vuthitho1976@gmail.com','123321','customer','2023-12-26 09:45:44','0121343576',1,'Hưng Yên');
/*!40000 ALTER TABLE `account` ENABLE KEYS */;
UNLOCK TABLES;

--
-- Table structure for table `bill`
--

DROP TABLE IF EXISTS `bill`;
/*!40101 SET @saved_cs_client     = @@character_set_client */;
/*!50503 SET character_set_client = utf8mb4 */;
CREATE TABLE `bill` (
  `bill_id` int NOT NULL AUTO_INCREMENT,
  `account_id` int NOT NULL,
  `bill_date` timestamp NULL DEFAULT CURRENT_TIMESTAMP,
  `total_amount` float DEFAULT NULL,
  `status` tinyint DEFAULT '1',
  `payment_method` varchar(50) DEFAULT NULL,
  PRIMARY KEY (`bill_id`),
  KEY `account_idx` (`account_id`),
  CONSTRAINT `fk_account` FOREIGN KEY (`account_id`) REFERENCES `account` (`account_id`)
) ENGINE=InnoDB AUTO_INCREMENT=66 DEFAULT CHARSET=utf8mb4 COLLATE=utf8mb4_0900_ai_ci;
/*!40101 SET character_set_client = @saved_cs_client */;

--
-- Dumping data for table `bill`
--

LOCK TABLES `bill` WRITE;
/*!40000 ALTER TABLE `bill` DISABLE KEYS */;
INSERT INTO `bill` VALUES (12,6,'2024-05-30 10:43:54',835000,0,'nhận hàng thanh toán'),(13,6,'2024-05-30 10:44:00',835000,0,'nhận hàng thanh toán'),(14,6,'2024-05-30 10:44:01',835000,0,'nhận hàng thanh toán'),(15,6,'2024-05-30 10:44:01',835000,0,'nhận hàng thanh toán'),(16,6,'2024-05-30 10:46:04',835000,0,'nhận hàng thanh toán'),(17,6,'2024-05-30 10:46:04',835000,0,'nhận hàng thanh toán'),(18,6,'2024-05-30 10:46:04',835000,0,'nhận hàng thanh toán'),(19,6,'2024-05-30 10:46:05',835000,0,'nhận hàng thanh toán'),(20,6,'2024-05-30 10:46:06',835000,0,'nhận hàng thanh toán'),(21,6,'2024-05-30 11:23:33',835000,0,'nhận hàng thanh toán'),(22,6,'2024-05-30 11:23:34',835000,0,'nhận hàng thanh toán'),(23,6,'2024-05-30 11:23:34',835000,1,'nhận hàng thanh toán'),(24,6,'2024-05-30 11:29:21',835000,1,'nhận hàng thanh toán'),(25,6,'2024-05-30 11:29:21',835000,1,'nhận hàng thanh toán'),(26,6,'2024-05-30 11:29:21',835000,1,'nhận hàng thanh toán'),(27,5,'2024-05-31 00:09:03',800000,0,'nhận hàng thanh toán'),(28,5,'2024-05-31 00:12:38',100000,1,'nhận hàng thanh toán'),(29,5,'2024-05-31 10:48:57',300000,0,'nhận hàng thanh toán'),(30,5,'2024-05-31 10:48:58',300000,1,'nhận hàng thanh toán'),(31,5,'2024-05-31 10:50:00',100000,1,'nhận hàng thanh toán'),(32,5,'2024-06-03 00:48:20',100000,0,'nhận hàng thanh toán'),(33,5,'2024-06-03 04:05:30',135000,0,'nhận hàng thanh toán'),(34,8,'2024-06-03 04:07:46',135000,0,'nhận hàng thanh toán'),(35,8,'2024-06-03 04:12:06',135000,0,'nhận hàng thanh toán'),(36,8,'2024-06-03 04:14:22',135000,0,'nhận hàng thanh toán'),(37,8,'2024-06-03 04:21:48',135000,0,'nhận hàng thanh toán'),(38,5,'2024-06-03 10:13:41',405000,0,'nhận hàng thanh toán'),(39,5,'2024-06-05 03:29:45',100000,0,'nhận hàng thanh toán'),(40,5,'2024-06-05 03:34:39',135000,0,'nhận hàng thanh toán'),(41,5,'2024-06-05 03:42:49',90000,0,'nhận hàng thanh toán'),(42,5,'2024-06-05 03:43:03',150000,0,'nhận hàng thanh toán'),(43,5,'2024-06-07 02:36:21',360000,0,'nhận hàng thanh toán'),(44,5,'2024-06-07 02:39:21',135000,0,'nhận hàng thanh toán'),(45,5,'2024-06-07 02:52:27',90000,1,'nhận hàng thanh toán'),(46,1,'2024-06-07 13:43:05',225000,1,'nhận hàng thanh toán'),(47,1,'2024-06-07 13:43:42',135000,1,'nhận hàng thanh toán'),(48,1,'2024-06-07 13:44:24',135000,1,'nhận hàng thanh toán'),(49,1,'2024-06-07 13:48:27',135000,1,'nhận hàng thanh toán'),(50,1,'2024-06-07 13:51:45',135000,1,'nhận hàng thanh toán'),(51,1,'2024-06-07 13:54:52',135000,1,'nhận hàng thanh toán'),(52,1,'2024-06-07 13:57:50',270000,1,'nhận hàng thanh toán'),(53,1,'2024-06-07 14:00:57',135000,1,'nhận hàng thanh toán'),(54,1,'2024-06-07 14:23:38',135000,1,'nhận hàng thanh toán'),(55,1,'2024-06-07 14:27:49',450000,1,'nhận hàng thanh toán'),(56,1,'2024-06-07 14:29:17',585000,1,'nhận hàng thanh toán'),(57,5,'2024-06-08 00:28:01',4235000,1,'nhận hàng thanh toán'),(58,1,'2024-06-08 00:43:48',135000,1,'Thanh toán VNPAY'),(59,5,'2024-06-08 00:45:55',90000,0,'Thanh toán VNPAY'),(60,5,'2024-06-08 00:47:23',100000,0,'Thanh toán khi nhận hàng'),(61,5,'2024-06-08 04:24:46',570000,1,'Thanh toán khi nhận hàng'),(62,5,'2024-06-09 08:57:37',5200000,0,'Thanh toán khi nhận hàng'),(63,5,'2024-06-10 17:51:55',600000,1,'Thanh toán VNPAY'),(64,5,'2024-06-10 17:54:09',1200000,1,'Thanh toán VNPAY'),(65,5,'2024-06-10 18:49:47',600000,1,'Thanh toán khi nhận hàng');
/*!40000 ALTER TABLE `bill` ENABLE KEYS */;
UNLOCK TABLES;

--
-- Table structure for table `bill_detail`
--

DROP TABLE IF EXISTS `bill_detail`;
/*!40101 SET @saved_cs_client     = @@character_set_client */;
/*!50503 SET character_set_client = utf8mb4 */;
CREATE TABLE `bill_detail` (
  `bill_detai_id` int NOT NULL AUTO_INCREMENT,
  `bill_id` int DEFAULT NULL,
  `product_id` int DEFAULT NULL,
  `quantity` int DEFAULT NULL,
  `price` float DEFAULT NULL,
  `subtotal` float DEFAULT NULL,
  PRIMARY KEY (`bill_detai_id`),
  KEY `fk_bill_id_idx` (`bill_id`),
  KEY `fk_product_id_idx` (`product_id`),
  CONSTRAINT `fk_bill_id` FOREIGN KEY (`bill_id`) REFERENCES `bill` (`bill_id`),
  CONSTRAINT `fk_product_id` FOREIGN KEY (`product_id`) REFERENCES `detail_product` (`product_id`)
) ENGINE=InnoDB AUTO_INCREMENT=114 DEFAULT CHARSET=utf8mb4 COLLATE=utf8mb4_0900_ai_ci;
/*!40101 SET character_set_client = @saved_cs_client */;

--
-- Dumping data for table `bill_detail`
--

LOCK TABLES `bill_detail` WRITE;
/*!40000 ALTER TABLE `bill_detail` DISABLE KEYS */;
INSERT INTO `bill_detail` VALUES (22,12,4,5,100000,500000),(23,12,8,1,200000,200000),(24,12,5,1,135000,135000),(25,13,4,5,100000,500000),(26,13,8,1,200000,200000),(27,13,5,1,135000,135000),(28,14,4,5,100000,500000),(29,14,8,1,200000,200000),(30,14,5,1,135000,135000),(31,15,4,5,100000,500000),(32,15,8,1,200000,200000),(33,15,5,1,135000,135000),(34,16,4,5,100000,500000),(35,16,8,1,200000,200000),(36,16,5,1,135000,135000),(37,17,4,5,100000,500000),(38,17,8,1,200000,200000),(39,17,5,1,135000,135000),(40,18,4,5,100000,500000),(41,18,8,1,200000,200000),(42,18,5,1,135000,135000),(43,19,4,5,100000,500000),(44,19,8,1,200000,200000),(45,19,5,1,135000,135000),(46,20,4,5,100000,500000),(47,20,8,1,200000,200000),(48,20,5,1,135000,135000),(49,21,4,5,100000,500000),(50,21,8,1,200000,200000),(51,21,5,1,135000,135000),(52,22,4,5,100000,500000),(53,22,8,1,200000,200000),(54,22,5,1,135000,135000),(55,23,4,5,100000,500000),(56,23,8,1,200000,200000),(57,23,5,1,135000,135000),(58,24,4,5,100000,500000),(59,24,8,1,200000,200000),(60,24,5,1,135000,135000),(61,25,4,5,100000,500000),(62,25,8,1,200000,200000),(63,25,5,1,135000,135000),(64,26,4,5,100000,500000),(65,26,8,1,200000,200000),(66,26,5,1,135000,135000),(67,27,4,6,100000,600000),(68,27,8,1,200000,200000),(69,28,4,1,100000,100000),(70,29,4,3,100000,300000),(71,30,4,3,100000,300000),(72,31,4,1,100000,100000),(73,32,24,1,100000,100000),(74,33,5,1,135000,135000),(75,34,5,1,135000,135000),(76,35,5,1,135000,135000),(77,36,5,1,135000,135000),(78,37,5,1,135000,135000),(79,38,5,3,135000,405000),(80,39,4,1,100000,100000),(81,40,5,1,135000,135000),(82,41,6,1,90000,90000),(83,42,7,1,150000,150000),(84,43,5,2,135000,270000),(85,43,6,1,90000,90000),(86,44,5,1,135000,135000),(87,45,6,1,90000,90000),(88,46,5,1,135000,135000),(89,46,6,1,90000,90000),(90,47,5,1,135000,135000),(91,48,5,1,135000,135000),(92,49,5,1,135000,135000),(93,50,5,1,135000,135000),(94,51,5,1,135000,135000),(95,52,5,2,135000,270000),(96,53,5,1,135000,135000),(97,54,5,1,135000,135000),(98,55,5,2,135000,270000),(99,55,6,2,90000,180000),(100,56,5,1,135000,135000),(101,56,7,3,150000,450000),(102,57,4,1,100000,100000),(103,57,5,1,135000,135000),(104,57,31,1,4000000,4000000),(105,58,5,1,135000,135000),(106,59,6,1,90000,90000),(107,60,4,1,100000,100000),(108,61,133,1,570000,570000),(109,62,88,1,4000000,4000000),(110,62,134,1,1200000,1200000),(111,63,136,1,600000,600000),(112,64,134,1,1200000,1200000),(113,65,136,1,600000,600000);
/*!40000 ALTER TABLE `bill_detail` ENABLE KEYS */;
UNLOCK TABLES;

--
-- Table structure for table `blogs`
--

DROP TABLE IF EXISTS `blogs`;
/*!40101 SET @saved_cs_client     = @@character_set_client */;
/*!50503 SET character_set_client = utf8mb4 */;
CREATE TABLE `blogs` (
  `blog_id` int NOT NULL AUTO_INCREMENT,
  `title` varchar(255) NOT NULL,
  `content` text,
  `publish_date` timestamp NULL DEFAULT CURRENT_TIMESTAMP,
  PRIMARY KEY (`blog_id`)
) ENGINE=InnoDB DEFAULT CHARSET=utf8mb4 COLLATE=utf8mb4_0900_ai_ci;
/*!40101 SET character_set_client = @saved_cs_client */;

--
-- Dumping data for table `blogs`
--

LOCK TABLES `blogs` WRITE;
/*!40000 ALTER TABLE `blogs` DISABLE KEYS */;
/*!40000 ALTER TABLE `blogs` ENABLE KEYS */;
UNLOCK TABLES;

--
-- Table structure for table `categories`
--

DROP TABLE IF EXISTS `categories`;
/*!40101 SET @saved_cs_client     = @@character_set_client */;
/*!50503 SET character_set_client = utf8mb4 */;
CREATE TABLE `categories` (
  `category_id` int NOT NULL AUTO_INCREMENT,
  `category_name` varchar(255) NOT NULL,
  `status` tinyint DEFAULT '1',
  PRIMARY KEY (`category_id`)
) ENGINE=InnoDB AUTO_INCREMENT=42 DEFAULT CHARSET=utf8mb4 COLLATE=utf8mb4_0900_ai_ci;
/*!40101 SET character_set_client = @saved_cs_client */;

--
-- Dumping data for table `categories`
--

LOCK TABLES `categories` WRITE;
/*!40000 ALTER TABLE `categories` DISABLE KEYS */;
INSERT INTO `categories` VALUES (1,'Ghế',1),(2,'Bàn',1),(4,'Gối',1),(5,'Tranh',1),(6,'Đồ gốm',1),(11,'Chăn ga ',1),(23,'Tủ',1),(41,'Đồ trang trí',1);
/*!40000 ALTER TABLE `categories` ENABLE KEYS */;
UNLOCK TABLES;

--
-- Table structure for table `comment`
--

DROP TABLE IF EXISTS `comment`;
/*!40101 SET @saved_cs_client     = @@character_set_client */;
/*!50503 SET character_set_client = utf8mb4 */;
CREATE TABLE `comment` (
  `comment_id` int NOT NULL AUTO_INCREMENT,
  `account_id` int DEFAULT NULL,
  `product_id` int DEFAULT NULL,
  `content` text,
  `comment_date` timestamp NULL DEFAULT CURRENT_TIMESTAMP,
  PRIMARY KEY (`comment_id`),
  KEY `product_id` (`product_id`),
  KEY `comment_ibfk_1_idx` (`account_id`),
  CONSTRAINT `comment_ibfk_1` FOREIGN KEY (`account_id`) REFERENCES `account` (`account_id`),
  CONSTRAINT `comment_ibfk_2` FOREIGN KEY (`product_id`) REFERENCES `detail_product` (`product_id`)
) ENGINE=InnoDB DEFAULT CHARSET=utf8mb4 COLLATE=utf8mb4_0900_ai_ci;
/*!40101 SET character_set_client = @saved_cs_client */;

--
-- Dumping data for table `comment`
--

LOCK TABLES `comment` WRITE;
/*!40000 ALTER TABLE `comment` DISABLE KEYS */;
/*!40000 ALTER TABLE `comment` ENABLE KEYS */;
UNLOCK TABLES;

--
-- Table structure for table `detail_product`
--

DROP TABLE IF EXISTS `detail_product`;
/*!40101 SET @saved_cs_client     = @@character_set_client */;
/*!50503 SET character_set_client = utf8mb4 */;
CREATE TABLE `detail_product` (
  `product_id` int NOT NULL AUTO_INCREMENT,
  `category_id` int DEFAULT NULL,
  `product_name` varchar(255) NOT NULL,
  `price` float NOT NULL,
  `description` text,
  `image` varchar(255) NOT NULL,
  `old_price` float DEFAULT NULL,
  `quantity` int NOT NULL,
  `status` tinyint DEFAULT '1',
  `provider_id` int DEFAULT NULL,
  PRIMARY KEY (`product_id`),
  KEY `category_id` (`category_id`),
  KEY `provider_id_fk_idx` (`provider_id`),
  CONSTRAINT `detail_product_ibfk_1` FOREIGN KEY (`category_id`) REFERENCES `categories` (`category_id`),
  CONSTRAINT `provider_id_fk` FOREIGN KEY (`provider_id`) REFERENCES `provider` (`provider_id`)
) ENGINE=InnoDB AUTO_INCREMENT=137 DEFAULT CHARSET=utf8mb4 COLLATE=utf8mb4_0900_ai_ci;
/*!40101 SET character_set_client = @saved_cs_client */;

--
-- Dumping data for table `detail_product`
--

LOCK TABLES `detail_product` WRITE;
/*!40000 ALTER TABLE `detail_product` DISABLE KEYS */;
INSERT INTO `detail_product` VALUES (4,4,'Gối vân xám',100000,'<p>H&atilde;y chọn chất liệu gối ph&ugrave; hợp với sở th&iacute;ch v&agrave; nhu cầu của bạn. Nếu bạn th&iacute;ch cảm gi&aacute;c mềm mại, h&atilde;y chọn gối b&ocirc;ng g&ograve;n hoặc cao su. Nếu bạn cần độ đ&agrave;n hồi tốt, h&atilde;y chọn gối cao su hoặc xốp. Nếu bạn muốn cảm gi&aacute;c tho&aacute;ng m&aacute;t, h&atilde;y chọn gối l&ocirc;ng vũ.</p>\r\n','goi-vuong-van-go-1.jpg',120000,120,1,1),(5,4,'Gối mỏ leo xanh xẫm',135000,'<table>\r\n	<tbody>\r\n		<tr>\r\n			<td>Gối được l&agrave;m từ nhiều chất liệu kh&aacute;c nhau như b&ocirc;ng g&ograve;n, cao su, l&ocirc;ng vũ, xốp,... Mỗi loại chất liệu đều c&oacute; những ưu điểm v&agrave; nhược điểm ri&ecirc;ng. Gối b&ocirc;ng g&ograve;n mềm mại, &ecirc;m &aacute;i v&agrave; c&oacute; gi&aacute; th&agrave;nh rẻ. Gối cao su c&oacute; độ đ&agrave;n hồi tốt, gi&uacute;p n&acirc;ng đỡ cột sống cổ v&agrave; vai g&aacute;y. Gối L&ocirc;ng vũ nhẹ nh&agrave;ng, tho&aacute;ng m&aacute;t v&agrave; mang lại cảm gi&aacute;c sang trọng. Gối xốp c&oacute; độ bền cao v&agrave; dễ d&agrave;ng vệ sinh.</td>\r\n		</tr>\r\n	</tbody>\r\n</table>\r\n','goi-vuong-mo-leo-2.jpg',140000,105,1,1),(6,4,'Gối hình tròn đan xen',90000,'kích cỡ: 50x50, vỏ cotton, ruột bông nhân tạo.Gối có nhiều hình dạng và kích thước khác nhau, phù hợp với tư thế ngủ và sở thích của mỗi người. Gối vuông thường được sử dụng để kê đầu khi ngủ ngửa. Gối chữ nhật phù hợp cho những người ngủ nghiêng. Gối ôm giúp bạn cảm thấy thoải mái và an toàn hơn khi ngủ. Gối du lịch nhỏ gọn, tiện lợi mang theo khi đi du lịch hoặc công tác.  Ngoài ra, gối còn có nhiều họa tiết và màu sắc khác nhau để bạn lựa chọn, giúp tô điểm thêm cho không gian phòng ngủ của bạn.','goi-vuong-soc-tron-3.jpg',125000,36,1,2),(7,4,'Gối ngọc bích',150000,'kích cỡ: 50x50, vỏ nhung, ruột bông nhân tạo.Gối là vật dụng không thể thiếu trong cuộc sống mỗi người, góp phần mang đến cho bạn giấc ngủ ngon và thoải mái. Gối có nhiều loại khác nhau, với chất liệu, hình dạng và kích thước đa dạng để đáp ứng nhu cầu của người sử dụng','goi-vuong-ngoc-bich-4.jpg',300000,139,1,2),(8,4,'gối tình yêu',200000,'kích cỡ: 50x50, vỏ cotton, ruột bông nhân tạo, kết hợp in phun hình ảnh.Gối không chỉ có tác dụng giúp bạn ngủ ngon mà còn có thể mang lại nhiều lợi ích khác cho sức khỏe. Gối kê cổ giúp giảm đau nhức cổ và vai gáy. Gối kê đầu gối giúp cải thiện lưu thông máu và giảm áp lực lên đầu gối. Gối ôm giúp giảm căng thẳng và lo âu. Gối massage giúp thư giãn cơ bắp và giảm stress.','goi-vuong-youandme-5.jpg',210000,456,1,2),(9,4,'gối trứng phục sinh',85000,'Gối đẹp cho mùa đông ! Nếu bạn thích cảm giác mềm mại, hãy chọn gối bông gòn hoặc cao su. Nếu bạn cần độ đàn hồi tốt, hãy chọn gối cao su hoặc xốp. Nếu bạn muốn cảm giác thoáng mát, hãy chọn gối lông vũ.','goi-vuong-trungphucsinh-6.jpg',220000,356,1,2),(10,4,'gối vuông kẻ sọc',10000,'<p>gối mới.H&atilde;y chọn chất liệu gối ph&ugrave; hợp với sở th&iacute;ch v&agrave; nhu cầu của bạn. Nếu bạn th&iacute;ch cảm gi&aacute;c mềm mại, h&atilde;y chọn gối b&ocirc;ng g&ograve;n hoặc cao su. Nếu bạn cần độ đ&agrave;n hồi tốt, h&atilde;y chọn gối cao su hoặc xốp. Nếu bạn muốn cảm gi&aacute;c tho&aacute;ng m&aacute;t, h&atilde;y chọn gối l&ocirc;ng vũ.</p>\r\n','goi-vuong-kesoc-7.jpg',125000,467,1,2),(11,4,'gối họa tiết phá cách',45000,'<p>Nếu bạn ngủ ngửa, h&atilde;y chọn gối c&oacute; độ cao vừa phải. Nếu bạn ngủ nghi&ecirc;ng, h&atilde;y chọn gối cao hơn để n&acirc;ng đỡ cổ v&agrave; vai g&aacute;y. Nếu bạn ngủ sấp, h&atilde;y chọn gối mỏng hoặc kh&ocirc;ng sử dụng gối.</p>\r\n','goi-vuong-hoatiet-8.jpg',70000,76543,1,2),(12,4,'gối hình sao biển',85000,'<p>Giảm gi&aacute; sốc ! H&atilde;y chọn họa tiết v&agrave; m&agrave;u sắc gối ph&ugrave; hợp với sở th&iacute;ch v&agrave; kh&ocirc;ng gian ph&ograve;ng ngủ của bạn.</p>\r\n','goi-vuong-bienxanhocvasao-9.jpg',300000,546,1,2),(13,4,'gối hoạt hình',60000,'<p>vải chống nước !&nbsp;H&atilde;y chọn k&iacute;ch thước gối ph&ugrave; hợp với k&iacute;ch thước cơ thể của bạn. Nếu bạn cao lớn, h&atilde;y chọn gối lớn hơn. Nếu bạn nhỏ b&eacute;, h&atilde;y chọn gối nhỏ hơn.</p>\r\n','goi-vuong-de-thuong.webp',300000,3236,1,2),(14,4,'Gối hoa lá cành',56000,'<p>Săn sale! săn sale. th&iacute;ch hợp cho người gần gũi thi&ecirc;n nhi&ecirc;n</p>\r\n','goi-vuong-dang-yeu.jpg',80000,6532,1,1),(15,4,'Gối họa tiết vỏ sò',1850000,'<p>Đại hạ gi&aacute;!&nbsp;Gối kh&ocirc;ng chỉ c&oacute; t&aacute;c dụng gi&uacute;p bạn ngủ ngon m&agrave; c&ograve;n c&oacute; thể mang lại nhiều lợi &iacute;ch kh&aacute;c cho sức khỏe. Gối k&ecirc; cổ gi&uacute;p giảm đau nhức cổ v&agrave; vai g&aacute;y. Gối k&ecirc; đầu gối gi&uacute;p cải thiện lưu th&ocirc;ng m&aacute;u v&agrave; giảm &aacute;p lực l&ecirc;n đầu gối. Gối &ocirc;m gi&uacute;p giảm căng thẳng v&agrave; lo &acirc;u. Gối massage gi&uacute;p thư gi&atilde;n cơ bắp v&agrave; giảm stress.</p>\r\n','goi-chunhat-vosotrang-15.jpg',3000000,4366,1,1),(16,4,'bàn làm việc ghế xoay',3000000,'<p>B&agrave;n l&agrave;m việc cho d&acirc;n văn ph&ograve;ng. Th&iacute;ch hợp hơn khi l&agrave;m tại nh&agrave;!&nbsp;Gối l&agrave; một vật dụng thiết yếu trong cuộc sống mỗi người. H&atilde;y chọn cho m&igrave;nh một chiếc gối ph&ugrave; hợp để c&oacute; được giấc ngủ ngon v&agrave; sức khỏe tốt.</p>\r\n','goi-chunhat-vannuoc-9.jpg',4560000,33,1,1),(17,4,'Gối chữ nhật màu be',7400000,'<p>Tiện &iacute;ch cho người sử dụng !</p>\r\n\r\n<ul>\r\n	<li>N&ecirc;n giặt vỏ gối thường xuy&ecirc;n để đảm bảo vệ sinh.</li>\r\n	<li>N&ecirc;n phơi gối dưới &aacute;nh nắng mặt trời để khử tr&ugrave;ng.</li>\r\n	<li>N&ecirc;n thay gối mới sau 2-3 năm sử dụng.</li>\r\n</ul>\r\n','goi-chunhat-vang-4.jpg',8000000,45,1,1),(18,4,'Gối họa tiết mắt lưới đan xen',1000000,'<p>Mặt b&agrave;n phủ b&oacute;ng s&aacute;ng!&nbsp;Gối l&agrave; một vật dụng thiết yếu trong cuộc sống mỗi người. H&atilde;y chọn cho m&igrave;nh một chiếc gối ph&ugrave; hợp để c&oacute; được giấc ngủ ngon v&agrave; sức khỏe tốt.</p>\r\n','goi-chunhat-matcao-8.jpg',12530000,15,1,1),(19,4,'Gối chữ nhật lông vũ',1500000,'<p>Gi&aacute; hời cho mọi người!&nbsp;H&atilde;y chọn chất liệu gối ph&ugrave; hợp với sở th&iacute;ch v&agrave; nhu cầu của bạn. Nếu bạn th&iacute;ch cảm gi&aacute;c mềm mại, h&atilde;y chọn gối b&ocirc;ng g&ograve;n hoặc cao su. Nếu bạn cần độ đ&agrave;n hồi tốt, h&atilde;y chọn gối cao su hoặc xốp. Nếu bạn muốn cảm gi&aacute;c tho&aacute;ng m&aacute;t, h&atilde;y chọn gối l&ocirc;ng vũ.</p>\r\n','goi-chunhat-longvu-11.jpg',3000000,55,1,1),(20,4,'Gối đôi hồng',4385000,'<p>H&atilde;y chọn k&iacute;ch thước gối ph&ugrave; hợp với k&iacute;ch thước cơ thể của bạn. Nếu bạn cao lớn, h&atilde;y chọn gối lớn hơn. Nếu bạn nhỏ b&eacute;, h&atilde;y chọn gối nhỏ hơn.</p>\r\n','goi-chunhat-hong-3.jpg',5300000,33,1,1),(21,4,'Gối họa tiết hoa cỏ',18000000,'<p>H&atilde;y chọn k&iacute;ch thước gối ph&ugrave; hợp với k&iacute;ch thước cơ thể của bạn. Nếu bạn cao lớn, h&atilde;y chọn gối lớn hơn. Nếu bạn nhỏ b&eacute;, h&atilde;y chọn gối nhỏ hơn.</p>\r\n','goi-chunhat-hoaco-10.jpg',23000000,33,1,1),(22,4,'Gối chữ nhật con cua',12000000,'<p>Gối kh&ocirc;ng chỉ c&oacute; t&aacute;c dụng gi&uacute;p bạn ngủ ngon m&agrave; c&ograve;n c&oacute; thể mang lại nhiều lợi &iacute;ch kh&aacute;c cho sức khỏe. Gối k&ecirc; cổ gi&uacute;p giảm đau nhức cổ v&agrave; vai g&aacute;y. Gối k&ecirc; đầu gối gi&uacute;p cải thiện lưu th&ocirc;ng m&aacute;u v&agrave; giảm &aacute;p lực l&ecirc;n đầu gối. Gối &ocirc;m gi&uacute;p giảm căng thẳng v&agrave; lo &acirc;u. Gối massage gi&uacute;p thư gi&atilde;n cơ bắp v&agrave; giảm stress.</p>\r\n','goi-chunhat-cua-12.jpg',15000000,652,1,1),(23,4,'Gối đôi họa tiết cây cối đơn giản',1000000,'<p>H&atilde;y chọn chất liệu gối ph&ugrave; hợp với sở th&iacute;ch v&agrave; nhu cầu của bạn. Nếu bạn th&iacute;ch cảm gi&aacute;c mềm mại, h&atilde;y chọn gối b&ocirc;ng g&ograve;n hoặc cao su. Nếu bạn cần độ đ&agrave;n hồi tốt, h&atilde;y chọn gối cao su hoặc xốp. Nếu bạn muốn cảm gi&aacute;c tho&aacute;ng m&aacute;t, h&atilde;y chọn gối l&ocirc;ng vũ.</p>\r\n','goi-chunhat-caydua-5.jpg',1200000,3,1,1),(24,4,'Gối đôi màu cafe',100000,'<p>Gối kh&ocirc;ng chỉ c&oacute; t&aacute;c dụng gi&uacute;p bạn ngủ ngon m&agrave; c&ograve;n c&oacute; thể mang lại nhiều lợi &iacute;ch kh&aacute;c cho sức khỏe. Gối k&ecirc; cổ gi&uacute;p giảm đau nhức cổ v&agrave; vai g&aacute;y. Gối k&ecirc; đầu gối gi&uacute;p cải thiện lưu th&ocirc;ng m&aacute;u v&agrave; giảm &aacute;p lực l&ecirc;n đầu gối. Gối &ocirc;m gi&uacute;p giảm căng thẳng v&agrave; lo &acirc;u. Gối massage gi&uacute;p thư gi&atilde;n cơ bắp v&agrave; giảm stress.</p>\r\n','goi-chunhat-cafe-2.jpg',125000,2,1,1),(26,2,'bàn làm việc nhóm tiện ích',1000000,'<p>B&agrave;n l&agrave;m việc l&agrave; một vật dụng thiết yếu trong văn ph&ograve;ng, nh&agrave; ở v&agrave; nhiều kh&ocirc;ng gian kh&aacute;c. N&oacute; được sử dụng để đặt m&aacute;y t&iacute;nh, laptop, t&agrave;i liệu v&agrave; c&aacute;c vật dụng cần thiết cho c&ocirc;ng việc hoặc học tập. B&agrave;n l&agrave;m việc c&oacute; nhiều kiểu d&aacute;ng, k&iacute;ch thước v&agrave; chất liệu kh&aacute;c nhau để đ&aacute;p ứng nhu cầu của người sử dụng.</p>\r\n','ban-lvnhomtienich-1.jpg',15000000,2,1,1),(27,2,'Bàn làm việc đơn',850000,'<p><strong>Kiểu d&aacute;ng:</strong> B&agrave;n l&agrave;m việc c&oacute; nhiều kiểu d&aacute;ng kh&aacute;c nhau, phổ biến nhất l&agrave; b&agrave;n h&igrave;nh chữ nhật . B&agrave;n h&igrave;nh chữ nhật ph&ugrave; hợp với nhiều kh&ocirc;ng gian v&agrave; c&oacute; thể đặt ở nhiều vị tr&iacute; kh&aacute;c nhau&nbsp;gi&uacute;p tận dụng tối đa diện t&iacute;ch ph&ograve;ng v&agrave; tạo ra nhiều kh&ocirc;ng gian l&agrave;m việc hơn.</p>\r\n','ban-lvghexoay-2.jpg',1250000,652,1,2),(28,2,'Bàn làm việc văn  phong chữ L (n92)',2300000,'<p><strong>Kiểu d&aacute;ng:</strong> B&agrave;n l&agrave;m việc c&oacute; nhiều kiểu d&aacute;ng kh&aacute;c nhau, phổ biến nhất l&agrave; b&agrave;n h&igrave;nh chữ nhật v&agrave; b&agrave;n g&oacute;c chữ L. B&agrave;n h&igrave;nh chữ nhật ph&ugrave; hợp với nhiều kh&ocirc;ng gian v&agrave; c&oacute; thể đặt ở nhiều vị tr&iacute; kh&aacute;c nhau. B&agrave;n g&oacute;c chữ L gi&uacute;p tận dụng tối đa diện t&iacute;ch ph&ograve;ng v&agrave; tạo ra nhiều kh&ocirc;ng gian l&agrave;m việc hơn.</p>\r\n','ban-lvvanphongN92-3.jpg',3000000,50,1,2),(29,2,'Bàn làm việc E27',4530000,'<p><strong>K&iacute;ch thước:</strong> K&iacute;ch thước b&agrave;n l&agrave;m việc phụ thuộc v&agrave;o nhu cầu sử dụng v&agrave; diện t&iacute;ch ph&ograve;ng. B&agrave;n l&agrave;m việc th&ocirc;ng thường c&oacute; chiều d&agrave;i từ 120cm đến 180cm, chiều rộng từ 60cm đến 80cm v&agrave; chiều cao từ 75cm đến 80cm.</p>\r\n','ban-lvsangtrong-4.jpg',5000000,15,1,2),(30,2,'Bàn gắn tường Bs25',1200000,'<p><strong>Chất liệu:</strong> B&agrave;n l&agrave;m việc được l&agrave;m từ nhiều chất liệu kh&aacute;c nhau như gỗ tự nhi&ecirc;n, gỗ c&ocirc;ng nghiệp, kim loại v&agrave; k&iacute;nh. B&agrave;n gỗ tự nhi&ecirc;n c&oacute; độ bền cao, sang trọng v&agrave; đẹp mắt nhưng gi&aacute; th&agrave;nh cao. B&agrave;n gỗ c&ocirc;ng nghiệp c&oacute; gi&aacute; th&agrave;nh rẻ hơn v&agrave; c&oacute; nhiều m&agrave;u sắc, kiểu d&aacute;ng để lựa chọn. B&agrave;n kim loại c&oacute; độ bền cao v&agrave; chịu lực tốt nhưng c&oacute; thể bị han gỉ. B&agrave;n k&iacute;nh c&oacute; thiết kế hiện đại v&agrave; sang trọng nhưng dễ vỡ.</p>\r\n','ban-keotientich-5.png',1907000,33,1,2),(31,2,'Bàn gắn tường 3b26',4000000,'<p><strong>K&iacute;ch thước:</strong> K&iacute;ch thước b&agrave;n l&agrave;m việc phụ thuộc v&agrave;o nhu cầu sử dụng v&agrave; diện t&iacute;ch ph&ograve;ng. Ngăn k&eacute;o lớn&nbsp;chiều d&agrave;i từ 120cm đến 180cm, chiều rộng từ 60cm đến 80cm v&agrave; chiều cao từ 75cm đến 80cm.</p>\r\n','ban-lvtienloionha-6.jpg',7450000,24,1,2),(32,2,'Bàn khung thép k32',3000000,'<p>B&agrave;n học sinh l&agrave; một vật dụng thiết yếu cho học tập. N&oacute; được sử dụng để đặt s&aacute;ch vở, b&uacute;t thước v&agrave; c&aacute;c dụng cụ học tập kh&aacute;c. B&agrave;n học sinh cần c&oacute; k&iacute;ch thước ph&ugrave; hợp với độ tuổi v&agrave; chiều cao của học sinh để đảm bảo tư thế ngồi học đ&uacute;ng v&agrave; tr&aacute;nh ảnh hưởng đến sức khỏe.</p>\r\n','ban-lvghexam-7.jpeg',4650000,15,1,2),(33,2,'Bàn văn phòng công sở',4000000,'<p><strong>Chất liệu:</strong> B&agrave;n l&agrave;m việc được l&agrave;m từ nhiều chất liệu kh&aacute;c nhau như gỗ tự nhi&ecirc;n, gỗ c&ocirc;ng nghiệp, kim loại v&agrave; k&iacute;nh. B&agrave;n gỗ tự nhi&ecirc;n c&oacute; độ bền cao, sang trọng v&agrave; đẹp mắt nhưng gi&aacute; th&agrave;nh cao. B&agrave;n gỗ c&ocirc;ng nghiệp c&oacute; gi&aacute; th&agrave;nh rẻ hơn v&agrave; c&oacute; nhiều m&agrave;u sắc, kiểu d&aacute;ng để lựa chọn. B&agrave;n kim loại c&oacute; độ bền cao v&agrave; chịu lực tốt nhưng c&oacute; thể bị han gỉ. B&agrave;n k&iacute;nh c&oacute; thiết kế hiện đại v&agrave; sang trọng nhưng dễ vỡ.</p>\r\n','ban-lvvanphonggoc-8.jpg',4600000,10,1,2),(34,2,'bàn học sinh k34',500000,'<p>B&agrave;n học sinh l&agrave; một vật dụng thiết yếu cho học tập. N&oacute; được sử dụng để đặt s&aacute;ch vở, b&uacute;t thước v&agrave; c&aacute;c dụng cụ học tập kh&aacute;c. B&agrave;n học sinh cần c&oacute; k&iacute;ch thước ph&ugrave; hợp với độ tuổi v&agrave; chiều cao của học sinh để đảm bảo tư thế ngồi học đ&uacute;ng v&agrave; tr&aacute;nh ảnh hưởng đến sức khỏe.</p>\r\n\r\n<ul>\r\n	<li><strong>K&iacute;ch thước:</strong> B&agrave;n học sinh c&oacute; nhiều k&iacute;ch thước kh&aacute;c nhau, phụ thuộc v&agrave;o độ tuổi v&agrave; chiều cao của học sinh. Chiều cao ti&ecirc;u chuẩn của b&agrave;n học sinh được t&iacute;nh bằng c&ocirc;ng thức sau: Chiều cao b&agrave;n = Chiều cao học sinh x 0,75.</li>\r\n</ul>\r\n','ban-lvsattuongmauden-10.jpg',800000,55,1,2),(35,2,'Bàn học sinh trắng k26',500000,'<p><strong>Chất liệu:</strong> B&agrave;n l&agrave;m việc được l&agrave;m từ nhiều chất liệu kh&aacute;c nhau như gỗ tự nhi&ecirc;n, gỗ c&ocirc;ng nghiệp, kim loại v&agrave; k&iacute;nh. B&agrave;n gỗ tự nhi&ecirc;n c&oacute; độ bền cao, sang trọng v&agrave; đẹp mắt nhưng gi&aacute; th&agrave;nh cao. B&agrave;n gỗ c&ocirc;ng nghiệp c&oacute; gi&aacute; th&agrave;nh rẻ hơn v&agrave; c&oacute; nhiều m&agrave;u sắc, kiểu d&aacute;ng để lựa chọn. B&agrave;n kim loại c&oacute; độ bền cao v&agrave; chịu lực tốt nhưng c&oacute; thể bị han gỉ. B&agrave;n k&iacute;nh c&oacute; thiết kế hiện đại v&agrave; sang trọng nhưng dễ vỡ.</p>\r\n','ban-lvsattuongmautrang-11.jpg',570000,45,1,2),(36,2,'bàn học sinh e22',600000,'<p>B&agrave;n ăn được l&agrave;m từ nhiều chất liệu kh&aacute;c nhau như gỗ tự nhi&ecirc;n, gỗ c&ocirc;ng nghiệp, k&iacute;nh v&agrave; đ&aacute;. B&agrave;n gỗ tự nhi&ecirc;n c&oacute; độ bền cao, sang trọng v&agrave; đẹp mắt nhưng gi&aacute; th&agrave;nh cao. B&agrave;n gỗ c&ocirc;ng nghiệp c&oacute; gi&aacute; th&agrave;nh rẻ hơn v&agrave; c&oacute; nhiều m&agrave;u sắc, kiểu d&aacute;ng để lựa chọn. B&agrave;n k&iacute;nh c&oacute; thiết kế hiện đại v&agrave; sang trọng nhưng dễ vỡ. B&agrave;n đ&aacute; c&oacute; độ bền cao, chịu lực tốt v&agrave; dễ d&agrave;ng vệ sinh.</p>\r\n','Ankyfurni-noi-that-an-ky-combo-bo-ban-ghe-van-phong-lam-viec-gia-re-CBU06-007.jpg',700000,15,1,2),(37,2,'bàn làm việc b67',2700000,'<p>B&agrave;n l&agrave;m việc c&aacute; nh&acirc;n hiện đại thường c&oacute; thiết kế đơn giản, gọn g&agrave;ng v&agrave; sử dụng c&aacute;c vật liệu hiện đại như kim loại, k&iacute;nh v&agrave; gỗ c&ocirc;ng nghiệp. B&agrave;n l&agrave;m việc n&agrave;y thường c&oacute; k&iacute;ch thước nhỏ gọn, ph&ugrave; hợp với những kh&ocirc;ng gian l&agrave;m việc hạn chế.</p>\r\n','images (1).jpg',3500000,70,1,2),(38,2,'bàn làm việc 2 giá sách b43',850000,'<p>B&agrave;n l&agrave;m việc c&aacute; nh&acirc;n truyền thống thường c&oacute; thiết kế cầu kỳ, sang trọng v&agrave; sử dụng c&aacute;c vật liệu tự nhi&ecirc;n như gỗ tự nhi&ecirc;n. B&agrave;n l&agrave;m việc n&agrave;y thường c&oacute; k&iacute;ch thước lớn, ph&ugrave; hợp với những kh&ocirc;ng gian l&agrave;m việc rộng r&atilde;i.</p>\r\n','images (2).jpg',900000,45,1,2),(39,2,'bàn học sinh chữ L có giá sách tiện lợi n03',2450000,'<p>B&agrave;n l&agrave;m việc c&aacute; nh&acirc;n th&ocirc;ng minh l&agrave; loại b&agrave;n l&agrave;m việc c&oacute; thể điều chỉnh độ cao v&agrave; độ nghi&ecirc;ng của mặt b&agrave;n để ph&ugrave; hợp với tư thế ngồi học của học sinh. B&agrave;n l&agrave;m việc n&agrave;y thường c&oacute; gi&aacute; th&agrave;nh cao nhưng gi&uacute;p học sinh c&oacute; tư thế ngồi học đ&uacute;ng, tr&aacute;nh ảnh hưởng đến sức khỏe.</p>\r\n','images (3).jpg',2600000,20,1,2),(40,2,'Bàn học sinh 3 trong một k23',1500000,'<p>B&agrave;n l&agrave;m việc c&aacute; nh&acirc;n truyền thống thường c&oacute; thiết kế cầu kỳ, sang trọng v&agrave; sử dụng c&aacute;c vật liệu tự nhi&ecirc;n như gỗ tự nhi&ecirc;n. B&agrave;n l&agrave;m việc n&agrave;y thường c&oacute; k&iacute;ch thước lớn, ph&ugrave; hợp với những kh&ocirc;ng gian l&agrave;m việc rộng r&atilde;i.</p>\r\n','images (29).jpg',3000000,10,1,2),(41,2,'Bàn làm việc  2 kệ trên dưới',1000000,'<p>B&agrave;n l&agrave;m việc c&aacute; nh&acirc;n c&oacute; gi&aacute; s&aacute;ch gi&uacute;p bạn c&oacute; thể sắp xếp s&aacute;ch vở v&agrave; đồ d&ugrave;ng học tập một c&aacute;ch gọn g&agrave;ng. B&agrave;n l&agrave;m việc n&agrave;y ph&ugrave; hợp với những người cần c&oacute; nhiều kh&ocirc;ng gian để lưu trữ s&aacute;ch vở v&agrave; đồ đạc.</p>\r\n','images.jpg',1200000,45,1,2),(42,2,'bàn làm việc p09',690000,'<p>B&agrave;n l&agrave;m việc l&agrave; một vật dụng thiết yếu trong văn ph&ograve;ng, nh&agrave; ở v&agrave; nhiều kh&ocirc;ng gian kh&aacute;c. N&oacute; được sử dụng để đặt m&aacute;y t&iacute;nh, laptop, t&agrave;i liệu v&agrave; c&aacute;c vật dụng cần thiết cho c&ocirc;ng việc hoặc học tập. B&agrave;n l&agrave;m việc c&oacute; nhiều kiểu d&aacute;ng, k&iacute;ch thước v&agrave; chất liệu kh&aacute;c nhau để đ&aacute;p ứng nhu cầu của người sử dụng.</p>\r\n','táº£i xuá»ng.jpg',700000,15,1,1),(43,2,'bàn học sinh basic k05',300000,'<p>B&agrave;n học sinh gỗ tự nhi&ecirc;n l&agrave; loại b&agrave;n học phổ biến nhất hiện nay. B&agrave;n được l&agrave;m từ c&aacute;c loại gỗ tự nhi&ecirc;n như gỗ xoan đ&agrave;o, gỗ sồi, gỗ m&iacute;t,... c&oacute; độ bền cao, khả năng chịu lực tốt v&agrave; v&acirc;n gỗ đẹp mắt. B&agrave;n học sinh gỗ tự nhi&ecirc;n thường c&oacute; gi&aacute; th&agrave;nh cao hơn so với c&aacute;c loại b&agrave;n học kh&aacute;c.</p>\r\n','images (4).jpg',1250000,15,1,1),(44,2,'bàn làm việc basic i78',2400000,'<p>K&iacute;ch thước b&agrave;n l&agrave;m việc phụ thuộc v&agrave;o nhu cầu sử dụng v&agrave; diện t&iacute;ch ph&ograve;ng. B&agrave;n l&agrave;m việc th&ocirc;ng thường c&oacute; chiều d&agrave;i từ 120cm đến 180cm, chiều rộng từ 60cm đến 80cm v&agrave; chiều cao từ 75cm đến 80cm.</p>\r\n','images (6).jpg',2505000,45,1,1),(45,2,'bàn làm việc p05',4350000,'<p>B&agrave;n l&agrave;m việc c&aacute; nh&acirc;n truyền thống thường c&oacute; thiết kế cầu kỳ, sang trọng v&agrave; sử dụng c&aacute;c vật liệu tự nhi&ecirc;n như gỗ tự nhi&ecirc;n. B&agrave;n l&agrave;m việc n&agrave;y thường c&oacute; k&iacute;ch thước lớn, ph&ugrave; hợp với những kh&ocirc;ng gian l&agrave;m việc rộng r&atilde;i.</p>\r\n','images (7).jpg',4500000,15,1,1),(46,2,'bàn làm việc văn phòng a09',2300000,'<p>B&agrave;n l&agrave;m việc&nbsp;truyền thống thường c&oacute; thiết kế cầu kỳ, sang trọng v&agrave; sử dụng c&aacute;c vật liệu tự nhi&ecirc;n như gỗ tự nhi&ecirc;n. B&agrave;n l&agrave;m việc n&agrave;y thường c&oacute; k&iacute;ch thước lớn, ph&ugrave; hợp với những kh&ocirc;ng gian l&agrave;m việc rộng r&atilde;i.</p>\r\n','images (8).jpg',3000000,15,1,1),(47,2,'bàn làm việc sang trọng az09',5700000,'<p>B&agrave;n l&agrave;m việc c&aacute; nh&acirc;n truyền thống thường c&oacute; thiết kế cầu kỳ, sang trọng v&agrave; sử dụng c&aacute;c vật liệu tự nhi&ecirc;n như gỗ tự nhi&ecirc;n. B&agrave;n l&agrave;m việc n&agrave;y thường c&oacute; k&iacute;ch thước lớn, ph&ugrave; hợp với những kh&ocirc;ng gian l&agrave;m việc rộng r&atilde;i.</p>\r\n','images (9).jpg',7000000,15,1,1),(48,2,'bàn làm việc phá cách sang trọng',3000000,'<p>B&agrave;n l&agrave;m việc c&aacute; nh&acirc;n th&ocirc;ng minh l&agrave; loại b&agrave;n l&agrave;m việc c&oacute; thể điều chỉnh độ cao v&agrave; độ nghi&ecirc;ng của mặt b&agrave;n để ph&ugrave; hợp với tư thế ngồi học của học sinh. B&agrave;n l&agrave;m việc n&agrave;y thường c&oacute; gi&aacute; th&agrave;nh cao nhưng gi&uacute;p học sinh c&oacute; tư thế ngồi học đ&uacute;ng, tr&aacute;nh ảnh hưởng đến sức khỏe.</p>\r\n','images (10).jpg',3000000,15,1,1),(49,2,'bàn làm việc chân chữ c e77',185000,'<p>B&agrave;n l&agrave;m việc được l&agrave;m từ nhiều chất liệu kh&aacute;c nhau như gỗ tự nhi&ecirc;n, gỗ c&ocirc;ng nghiệp, kim loại v&agrave; k&iacute;nh. B&agrave;n gỗ tự nhi&ecirc;n c&oacute; độ bền cao, sang trọng v&agrave; đẹp mắt nhưng gi&aacute; th&agrave;nh cao. B&agrave;n gỗ c&ocirc;ng nghiệp c&oacute; gi&aacute; th&agrave;nh rẻ hơn v&agrave; c&oacute; nhiều m&agrave;u sắc, kiểu d&aacute;ng để lựa chọn. B&agrave;n kim loại c&oacute; độ bền cao v&agrave; chịu lực tốt nhưng c&oacute; thể bị han gỉ. B&agrave;n k&iacute;nh c&oacute; thiết kế hiện đại v&agrave; sang trọng nhưng dễ vỡ.</p>\r\n','images (11).jpg',2000000,25,1,1),(50,2,'bàn làm việc theo nhóm p56',6700000,'<p>B&agrave;n l&agrave;m việc l&agrave; một vật dụng thiết yếu trong văn ph&ograve;ng, nh&agrave; ở v&agrave; nhiều kh&ocirc;ng gian kh&aacute;c. N&oacute; được sử dụng để đặt m&aacute;y t&iacute;nh, laptop, t&agrave;i liệu v&agrave; c&aacute;c vật dụng cần thiết cho c&ocirc;ng việc hoặc học tập. B&agrave;n l&agrave;m việc c&oacute; nhiều kiểu d&aacute;ng, k&iacute;ch thước v&agrave; chất liệu kh&aacute;c nhau để đ&aacute;p ứng nhu cầu của người sử dụng</p>\r\n','images (12).jpg',6800000,15,1,1),(51,2,'bàn làm việc i98',1000000,'<p>B&agrave;n l&agrave;m việc th&ocirc;ng thường c&oacute; chiều d&agrave;i từ 120cm đến 180cm, chiều rộng từ 60cm đến 80cm v&agrave; chiều cao từ 75cm đến 80cm.</p>\r\n','images (13).jpg',1250000,15,1,1),(52,2,'bàn làm việc, chơi game t67',450000,'<p>B&agrave;n l&agrave;m việc đơn giản ph&ugrave; hợp cho những bạn th&iacute;ch chơi game. B&agrave;n l&agrave;m việc th&ocirc;ng thường c&oacute; chiều d&agrave;i từ 120cm đến 180cm, chiều rộng từ 60cm đến 80cm v&agrave; chiều cao từ 75cm đến 80cm.</p>\r\n','images (14).jpg',500000,10,1,1),(53,2,'bàn làm việc nhóm cách điệu f06',2600000,'<p>B&agrave;n l&agrave;m việc c&aacute; nh&acirc;n g&oacute;c chữ S gi&uacute;p tận dụng tối đa diện t&iacute;ch ph&ograve;ng v&agrave; tạo ra nhiều kh&ocirc;ng gian l&agrave;m việc hơn. B&agrave;n l&agrave;m việc n&agrave;y ph&ugrave; hợp với những người cần c&oacute; nhiều kh&ocirc;ng gian để l&agrave;m việc hoặc lưu trữ đồ đạc.</p>\r\n','images (15).jpg',3000000,10,1,1),(54,2,'bàn làm việc p098a',2000000,'<p>B&agrave;n l&agrave;m việc c&aacute; nh&acirc;n với kệ s&aacute;ch g&oacute;c chữ L gi&uacute;p tận dụng tối đa diện t&iacute;ch ph&ograve;ng v&agrave; tạo ra nhiều kh&ocirc;ng gian l&agrave;m việc hơn. B&agrave;n l&agrave;m việc n&agrave;y ph&ugrave; hợp với những người cần c&oacute; nhiều kh&ocirc;ng gian để l&agrave;m việc hoặc lưu trữ đồ đạc.</p>\r\n','images (29).jpg',3000000,10,1,1),(55,2,'bàn làm việc p097',700000,'<p>B&agrave;n l&agrave;m việc c&aacute; nh&acirc;n gi&uacute;p tận dụng tối đa diện t&iacute;ch ph&ograve;ng v&agrave; tạo ra nhiều kh&ocirc;ng gian l&agrave;m việc hơn. B&agrave;n l&agrave;m việc n&agrave;y ph&ugrave; hợp với những người cần c&oacute; nhiều kh&ocirc;ng gian để l&agrave;m việc hoặc lưu trữ đồ đạc.</p>\r\n','táº£i xuá»ng (2).jpg',1250000,20,1,1),(56,1,'ghế đơn mã 01',299000,'<ul>\r\n	<li><strong>Thiết kế:</strong>\r\n	<ul>\r\n		<li>Phong c&aacute;ch hiện đại, sang trọng.</li>\r\n		<li>Đường n&eacute;t tinh tế, chau chuốt.</li>\r\n		<li>C&aacute;c chi tiết trang tr&iacute; bằng kim loại cao cấp.</li>\r\n	</ul>\r\n	</li>\r\n</ul>\r\n','product-1.png',300000,10,1,1),(57,1,'ghế đơn mẫu q02',470000,'<p><strong>T&iacute;nh năng:</strong></p>\r\n\r\n<ul>\r\n	<li>C&oacute; thể điều chỉnh độ nghi&ecirc;ng tựa lưng.</li>\r\n	<li>Ghế c&oacute; thể xoay 360 độ.</li>\r\n	<li>K&egrave;m đệm ngồi v&agrave; tựa lưng rời.</li>\r\n</ul>\r\n','product-2.png',500000,10,1,1),(58,1,'ghế đơn mẫu a02',450000,'<p><strong>Lợi &iacute;ch:</strong></p>\r\n\r\n<ul>\r\n	<li>N&acirc;ng tầm kh&ocirc;ng gian sống của bạn.</li>\r\n	<li>Tạo ấn tượng với kh&aacute;ch h&agrave;ng hoặc đối t&aacute;c.</li>\r\n	<li>Thư gi&atilde;n v&agrave; giải tr&iacute; sau những giờ l&agrave;m việc căng thẳng.</li>\r\n</ul>\r\n','product-3.png',500000,15,1,1),(59,1,'ghế đơn mẫu a03',350000,'<p><strong>Ch&iacute;nh s&aacute;ch bảo h&agrave;nh:</strong> 12 th&aacute;ng</p>\r\n','images (1).jpg',500000,20,1,1),(60,1,'Ghế văn phòng, trang trí mẫu b01',500000,'<p><strong>Lợi &iacute;ch:</strong></p>\r\n\r\n<ul>\r\n	<li>N&acirc;ng tầm kh&ocirc;ng gian sống của bạn.</li>\r\n	<li>Tạo ấn tượng với kh&aacute;ch h&agrave;ng hoặc đối t&aacute;c.</li>\r\n	<li>Thư gi&atilde;n v&agrave; giải tr&iacute; sau những giờ l&agrave;m việc căng thẳng.</li>\r\n</ul>\r\n','images (2).jpg',700000,15,1,1),(61,1,'ghế tựa văn phòng mẫu b02',500000,'<p><strong>Lợi &iacute;ch:</strong></p>\r\n\r\n<ul>\r\n	<li>N&acirc;ng tầm kh&ocirc;ng gian sống của bạn.</li>\r\n	<li>Tạo ấn tượng với kh&aacute;ch h&agrave;ng hoặc đối t&aacute;c.</li>\r\n	<li>Thư gi&atilde;n v&agrave; giải tr&iacute; sau những giờ l&agrave;m việc căng thẳng.</li>\r\n</ul>\r\n','images (3).jpg',650000,10,1,1),(62,1,'ghế văn phòng bọc da mẫu a011',499999,'<p><strong>Lợi &iacute;ch:</strong></p>\r\n\r\n<ul>\r\n	<li>N&acirc;ng tầm kh&ocirc;ng gian sống của bạn.</li>\r\n	<li>Tạo ấn tượng với kh&aacute;ch h&agrave;ng hoặc đối t&aacute;c.</li>\r\n	<li>Thư gi&atilde;n v&agrave; giải tr&iacute; sau những giờ l&agrave;m việc căng thẳng.</li>\r\n</ul>\r\n','images (4).jpg',450000,15,1,1),(63,1,'ghế văn phòng mẫu c01',229000,'<p><strong>Ưu điểm:</strong></p>\r\n\r\n<ul>\r\n	<li>Chất liệu cao cấp, độ bền cao.</li>\r\n	<li>Thiết kế sang trọng, đẳng cấp.</li>\r\n	<li>Mang đến sự thoải m&aacute;i tối đa cho người sử dụng.</li>\r\n	<li>Dễ d&agrave;ng vệ sinh v&agrave; bảo quản.</li>\r\n</ul>\r\n','images (5).jpg',230000,33,1,2),(64,1,'ghế văn phòng mẫu màu xám c012',450000,'<p><strong>C&ocirc;ng dụng:</strong> Ph&ugrave; hợp sử dụng trong ph&ograve;ng kh&aacute;ch, ph&ograve;ng ngủ, văn ph&ograve;ng hoặc sảnh tiếp kh&aacute;ch.</p>\r\n','images (6).jpg',500000,10,1,2),(65,1,'ghế văn phòng bọc da cao cấp',250000,'<p><strong>T&iacute;nh năng:</strong></p>\r\n\r\n<ul>\r\n	<li>C&oacute; thể điều chỉnh độ nghi&ecirc;ng tựa lưng.</li>\r\n	<li>Ghế c&oacute; thể xoay 360 độ.</li>\r\n	<li>K&egrave;m đệm ngồi v&agrave; tựa lưng rời.</li>\r\n</ul>\r\n','images (9).jpg',300000,20,1,2),(66,1,'Ghế đơn văn phòng mẫu s09',350000,'<p><strong>Thiết kế:</strong></p>\r\n\r\n<ul>\r\n	<li>Phong c&aacute;ch hiện đại, sang trọng.</li>\r\n	<li>Đường n&eacute;t tinh tế, chau chuốt.</li>\r\n	<li>C&aacute;c chi tiết trang tr&iacute; bằng kim loại cao cấp.</li>\r\n</ul>\r\n','images (11).jpg',400000,10,1,2),(67,1,'ghế đơn phòng ngủ và đọc sách mẫu h65',450000,'<p><strong>C&ocirc;ng dụng:</strong> Ph&ugrave; hợp sử dụng trong ph&ograve;ng kh&aacute;ch, ph&ograve;ng ngủ, văn ph&ograve;ng hoặc sảnh tiếp kh&aacute;ch.</p>\r\n','images (12).jpg',600000,20,1,2),(68,1,'ghế đơn mẫu xám tro mẫu c03',459999,'<p>Ch&acirc;n ghế: Th&eacute;p cao cấp, mạ crom s&aacute;ng b&oacute;ng, chịu lực tốt.</p>\r\n','images (13).jpg',500000,10,1,2),(69,1,'ghế bọc da màu xám mẫu t67',600000,'<p>Mặt ngồi v&agrave; tựa lưng: Da b&ograve; thật 100%, mềm mại, đ&agrave;n hồi v&agrave; tho&aacute;ng kh&iacute;.</p>\r\n','images (14).jpg',650000,1,1,2),(70,1,'mẫu ghế c15 màu xám trắng',499999,'<p><strong>Thiết kế:</strong></p>\r\n\r\n<ul>\r\n	<li>Phong c&aacute;ch hiện đại, sang trọng.</li>\r\n	<li>Đường n&eacute;t tinh tế, chau chuốt.</li>\r\n	<li>C&aacute;c chi tiết trang tr&iacute; bằng kim loại cao cấp.</li>\r\n</ul>\r\n','images (15).jpg',500000,20,1,2),(71,1,'mẫu ghế j97 chân chữ a',200000,'<p><strong>T&iacute;nh năng:</strong></p>\r\n\r\n<ul>\r\n	<li>C&oacute; thể điều chỉnh độ nghi&ecirc;ng tựa lưng.</li>\r\n	<li>Ghế c&oacute; thể xoay 360 độ.</li>\r\n	<li>K&egrave;m đệm ngồi v&agrave; tựa lưng rời.</li>\r\n</ul>\r\n','images (17).jpg',500000,10,1,2),(72,1,'mẫu ghế b37 đọc sách,trang trí',400000,'<p><strong>C&ocirc;ng dụng:</strong> Ph&ugrave; hợp sử dụng trong ph&ograve;ng kh&aacute;ch, ph&ograve;ng ngủ, văn ph&ograve;ng hoặc sảnh tiếp kh&aacute;ch.</p>\r\n','images (18).jpg',450000,10,1,2),(73,1,'ghế tựa đơn mẫu c00',350000,'<p><strong>T&iacute;nh năng:</strong></p>\r\n\r\n<ul>\r\n	<li>C&oacute; thể điều chỉnh độ nghi&ecirc;ng tựa lưng.</li>\r\n	<li>Ghế c&oacute; thể xoay 360 độ.</li>\r\n	<li>K&egrave;m đệm ngồi v&agrave; tựa lưng rời.</li>\r\n</ul>\r\n','images (19).jpg',400000,10,1,2),(74,1,'ghế đơn bọc vải mẫu v01',600000,'<p><strong>K&iacute;ch thước:</strong> 220cm x 180cm x 80cm (D&agrave;i x Rộng x Cao)</p>\r\n','images (20).jpg',700000,15,1,2),(75,1,'ghế bọc vải cao cấp màu xám loang f04',550000,'<p><strong>K&iacute;ch thước:</strong> 220cm x 180cm x 80cm (D&agrave;i x Rộng x Cao)</p>\r\n','images (21).jpg',600000,20,1,2),(76,1,'ghế xám lông chuột',500000,'<p>ghế m&agrave;u l&ocirc;ng chuột mang cảm gi&aacute;c ấm c&uacute;ng</p>\r\n\r\n<p>&nbsp;</p>\r\n','images (22).jpg',600000,45,1,2),(77,1,'ghế da cao cấp mẫu n04',500000,'<p><strong>K&iacute;ch thước:</strong> 220cm x 180cm x 80cm (D&agrave;i x Rộng x Cao)</p>\r\n','images (23).jpg',600000,20,1,2),(78,1,'ghế tựa bọc vải giả da v06',500000,'<p><strong>K&iacute;ch thước:</strong> 220cm x 180cm x 80cm (D&agrave;i x Rộng x Cao)</p>\r\n','images (24).jpg',700000,15,1,2),(79,1,'ghế bọc vải nhám cao cấp A11',500000,'<p><strong>K&iacute;ch thước:</strong> 220cm x 180cm x 80cm (D&agrave;i x Rộng x Cao)</p>\r\n','images (25).jpg',550000,20,1,2),(80,1,'Ghế đơn bọc vải xám chân chữ A mẫu g07',599999,'<p><strong>Thiết kế:</strong></p>\r\n\r\n<ul>\r\n	<li>Phong c&aacute;ch hiện đại, sang trọng.</li>\r\n	<li>Đường n&eacute;t tinh tế, chau chuốt.</li>\r\n	<li>C&aacute;c chi tiết trang tr&iacute; bằng kim loại cao cấp.</li>\r\n</ul>\r\n','images (26).jpg',800000,15,1,2),(81,1,'ghế tựa da PU mẫu u32',290000,'<p><strong>Chất liệu:</strong></p>\r\n\r\n<ul>\r\n	<li>Khung ghế: Gỗ sồi Nga đ&atilde; qua xử l&yacute;, chống mối mọt, cong v&ecirc;nh.</li>\r\n	<li>Mặt ngồi v&agrave; tựa lưng: Da b&ograve; thật 100%, mềm mại, đ&agrave;n hồi v&agrave; tho&aacute;ng kh&iacute;.</li>\r\n	<li>Ch&acirc;n ghế: Th&eacute;p cao cấp, mạ crom s&aacute;ng b&oacute;ng, chịu lực tốt.</li>\r\n</ul>\r\n','images (27).jpg',300000,15,1,2),(82,1,'ghế tựa da PU bản trắng mẫu m95',450000,'<p><strong>Chất liệu:</strong></p>\r\n\r\n<ul>\r\n	<li>Khung ghế: Gỗ sồi Nga đ&atilde; qua xử l&yacute;, chống mối mọt, cong v&ecirc;nh.</li>\r\n	<li>Mặt ngồi v&agrave; tựa lưng: Da b&ograve; thật 100%, mềm mại, đ&agrave;n hồi v&agrave; tho&aacute;ng kh&iacute;.</li>\r\n	<li>Ch&acirc;n ghế: Th&eacute;p cao cấp, mạ crom s&aacute;ng b&oacute;ng, chịu lực tốt.</li>\r\n</ul>\r\n','images (28).jpg',500000,10,1,1),(83,1,'ghế vải dù mẫu v98',500000,'<p><strong>Chất liệu:</strong></p>\r\n\r\n<ul>\r\n	<li>Khung ghế: Gỗ sồi Nga đ&atilde; qua xử l&yacute;, chống mối mọt, cong v&ecirc;nh.</li>\r\n	<li>Mặt ngồi v&agrave; tựa lưng: Da b&ograve; thật 100%, mềm mại, đ&agrave;n hồi v&agrave; tho&aacute;ng kh&iacute;.</li>\r\n	<li>Ch&acirc;n ghế: Th&eacute;p cao cấp, mạ crom s&aacute;ng b&oacute;ng, chịu lực tốt.</li>\r\n</ul>\r\n','images.jpg',600000,15,1,1),(84,1,'ghế đôi văn phòng',800000,'<p><strong>Chất liệu:</strong></p>\r\n\r\n<ul>\r\n	<li>Khung ghế: Gỗ sồi Nga đ&atilde; qua xử l&yacute;, chống mối mọt, cong v&ecirc;nh.</li>\r\n	<li>Mặt ngồi v&agrave; tựa lưng: Da b&ograve; thật 100%, mềm mại, đ&agrave;n hồi v&agrave; tho&aacute;ng kh&iacute;.</li>\r\n	<li>Ch&acirc;n ghế: Th&eacute;p cao cấp, mạ crom s&aacute;ng b&oacute;ng, chịu lực tốt.</li>\r\n</ul>\r\n','images (7).jpg',1000000,15,1,1),(85,1,'sofa mẫu A01',1900000,'<p><strong>Chất liệu:</strong></p>\r\n\r\n<ul>\r\n	<li>Khung ghế: Gỗ sồi Nga đ&atilde; qua xử l&yacute;, chống mối mọt, cong v&ecirc;nh.</li>\r\n	<li>Mặt ngồi v&agrave; tựa lưng: Da b&ograve; thật 100%, mềm mại, đ&agrave;n hồi v&agrave; tho&aacute;ng kh&iacute;.</li>\r\n	<li>Ch&acirc;n ghế: Th&eacute;p cao cấp, mạ crom s&aacute;ng b&oacute;ng, chịu lực tốt.</li>\r\n</ul>\r\n','couch.png',2000000,33,1,1),(86,1,'sofa mẫu b01 màu xám',1400000,'<ul>\r\n	<li><strong>Ưu điểm:</strong>\r\n	<ul>\r\n		<li>Chất liệu cao cấp, độ bền cao.</li>\r\n		<li>Thiết kế sang trọng, đẳng cấp.</li>\r\n		<li>Mang đến sự thoải m&aacute;i tối đa cho người sử dụng.</li>\r\n		<li>Dễ d&agrave;ng vệ sinh v&agrave; bảo quản.</li>\r\n	</ul>\r\n	</li>\r\n	<li>&nbsp;</li>\r\n</ul>\r\n','sofa.png',1500000,5,1,1),(87,11,'Bộ chăn ga gối đệm họa tiết đen trắng mẫu a00',4900000,'<ul>\r\n	<li><strong>K&iacute;ch thước:</strong> Chăn c&oacute; nhiều k&iacute;ch thước kh&aacute;c nhau, phổ biến nhất l&agrave; 200x220cm, 180x200cm v&agrave; 160x200cm.</li>\r\n	<li><strong>Chất liệu:</strong> Chăn được l&agrave;m từ nhiều chất liệu kh&aacute;c nhau như cotton, lụa, nỉ, nhung, v.v. Mỗi chất liệu c&oacute; ưu v&agrave; nhược điểm ri&ecirc;ng.\r\n	<ul>\r\n		<li><strong>Cotton:</strong> Tho&aacute;ng m&aacute;t, thấm h&uacute;t mồ h&ocirc;i tốt, ph&ugrave; hợp cho mọi m&ugrave;a sử dụng.</li>\r\n		<li><strong>Lụa:</strong> Mềm mại, sang trọng, mang lại cảm gi&aacute;c m&aacute;t mẻ trong m&ugrave;a h&egrave;.</li>\r\n		<li><strong>Nỉ:</strong> Giữ ấm tốt, ph&ugrave; hợp cho m&ugrave;a đ&ocirc;ng.</li>\r\n		<li><strong>Nhung:</strong> Mềm mại, &ecirc;m &aacute;i, mang lại cảm gi&aacute;c ấm &aacute;p trong m&ugrave;a đ&ocirc;ng.</li>\r\n	</ul>\r\n	</li>\r\n	<li><strong>Kiểu d&aacute;ng:</strong> Chăn c&oacute; nhiều kiểu d&aacute;ng kh&aacute;c nhau như chăn trơn, chăn họa tiết, chăn th&ecirc;u, v.v.</li>\r\n	<li><strong>M&agrave;u sắc:</strong> Chăn c&oacute; nhiều m&agrave;u sắc kh&aacute;c nhau để bạn lựa chọn theo sở th&iacute;ch v&agrave; phong c&aacute;ch trang tr&iacute; ph&ograve;ng ngủ.</li>\r\n</ul>\r\n','bo-4-changagoidemhoatiettoigian-1.jpg',5000000,5,1,1),(88,11,'bộ chăn họa tiết hoa lá',4000000,'<ul>\r\n	<li><strong>K&iacute;ch thước:</strong> K&iacute;ch thước của bộ chăn ga gối đệm cần ph&ugrave; hợp với k&iacute;ch thước của giường v&agrave; đệm.</li>\r\n	<li><strong>Chất liệu:</strong> Chất liệu của bộ chăn ga gối đệm cần ph&ugrave; hợp với sở th&iacute;ch, nhu cầu sử dụng v&agrave; điều kiện kh&iacute; hậu.</li>\r\n	<li><strong>Kiểu d&aacute;ng v&agrave; m&agrave;u sắc:</strong> Kiểu d&aacute;ng v&agrave; m&agrave;u sắc của bộ chăn ga gối đệm cần h&agrave;i h&ograve;a với phong c&aacute;ch trang tr&iacute; ph&ograve;ng ngủ.</li>\r\n	<li><strong>Thương hiệu:</strong> N&ecirc;n lựa chọn sản phẩm của c&aacute;c thương hiệu uy t&iacute;n để đảm bảo chất lượng v&agrave; độ bền.</li>\r\n</ul>\r\n','bo-4-changagoidemhoatiethoatoigian-2.jpg',7000000,9,1,1),(89,11,'bộ chăn ga gối đệm màu trắng',4900000,'<ul>\r\n	<li><strong>K&iacute;ch thước:</strong> K&iacute;ch thước của bộ chăn ga gối đệm cần ph&ugrave; hợp với k&iacute;ch thước của giường v&agrave; đệm.</li>\r\n	<li><strong>Chất liệu:</strong> Chất liệu của bộ chăn ga gối đệm cần ph&ugrave; hợp với sở th&iacute;ch, nhu cầu sử dụng v&agrave; điều kiện kh&iacute; hậu.</li>\r\n	<li><strong>Kiểu d&aacute;ng v&agrave; m&agrave;u sắc:</strong> Kiểu d&aacute;ng v&agrave; m&agrave;u sắc của bộ chăn ga gối đệm cần h&agrave;i h&ograve;a với phong c&aacute;ch trang tr&iacute; ph&ograve;ng ngủ.</li>\r\n	<li><strong>Thương hiệu:</strong> N&ecirc;n lựa chọn sản phẩm của c&aacute;c thương hiệu uy t&iacute;n để đảm bảo chất lượng v&agrave; độ bền.</li>\r\n</ul>\r\n','bo-4-changagoidemtrangtinhkhiet-3.jpg',5000000,20,1,1),(90,11,'bộ chăn kẻ ngang nhiều màu sắc n03',4700000,'<ul>\r\n	<li><strong>K&iacute;ch thước:</strong> K&iacute;ch thước của bộ chăn ga gối đệm cần ph&ugrave; hợp với k&iacute;ch thước của giường v&agrave; đệm.</li>\r\n	<li><strong>Chất liệu:</strong> Chất liệu của bộ chăn ga gối đệm cần ph&ugrave; hợp với sở th&iacute;ch, nhu cầu sử dụng v&agrave; điều kiện kh&iacute; hậu.</li>\r\n	<li><strong>Kiểu d&aacute;ng v&agrave; m&agrave;u sắc:</strong> Kiểu d&aacute;ng v&agrave; m&agrave;u sắc của bộ chăn ga gối đệm cần h&agrave;i h&ograve;a với phong c&aacute;ch trang tr&iacute; ph&ograve;ng ngủ.</li>\r\n	<li><strong>Thương hiệu:</strong> N&ecirc;n lựa chọn sản phẩm của c&aacute;c thương hiệu uy t&iacute;n để đảm bảo chất lượng v&agrave; độ bền.</li>\r\n</ul>\r\n','bo-4-changagoidemsongbien-4.jpg',5000000,45,1,1),(91,11,'bộ chăn ga họa tiết hình sao biển nk09',5200000,'<ul>\r\n	<li><strong>K&iacute;ch thước:</strong> K&iacute;ch thước của bộ chăn ga gối đệm cần ph&ugrave; hợp với k&iacute;ch thước của giường v&agrave; đệm.</li>\r\n	<li><strong>Chất liệu:</strong> Chất liệu của bộ chăn ga gối đệm cần ph&ugrave; hợp với sở th&iacute;ch, nhu cầu sử dụng v&agrave; điều kiện kh&iacute; hậu.</li>\r\n	<li><strong>Kiểu d&aacute;ng v&agrave; m&agrave;u sắc:</strong> Kiểu d&aacute;ng v&agrave; m&agrave;u sắc của bộ chăn ga gối đệm cần h&agrave;i h&ograve;a với phong c&aacute;ch trang tr&iacute; ph&ograve;ng ngủ.</li>\r\n	<li><strong>Thương hiệu:</strong> N&ecirc;n lựa chọn sản phẩm của c&aacute;c thương hiệu uy t&iacute;n để đảm bảo chất lượng v&agrave; độ bền.</li>\r\n</ul>\r\n','bo-4-changagoidemxanhbiennhat-5.jpg',7000000,20,1,1),(92,11,'Bộ chăn ga gối đệm sao biển nkp09',4500000,'<ul>\r\n	<li><strong>K&iacute;ch thước:</strong> Ga trải giường c&oacute; k&iacute;ch thước tương ứng với k&iacute;ch thước đệm.</li>\r\n	<li><strong>Chất liệu:</strong> Ga trải giường được l&agrave;m từ nhiều chất liệu kh&aacute;c nhau như cotton, lụa, polyester, v.v.\r\n	<ul>\r\n		<li><strong>Cotton:</strong> Tho&aacute;ng m&aacute;t, thấm h&uacute;t mồ h&ocirc;i tốt, dễ giặt ủi.</li>\r\n		<li><strong>Lụa:</strong> Mềm mại, sang trọng, mang lại cảm gi&aacute;c m&aacute;t mẻ trong m&ugrave;a h&egrave;.</li>\r\n		<li><strong>Polyester:</strong> Bền bỉ, dễ giặt ủi, gi&aacute; th&agrave;nh rẻ.</li>\r\n	</ul>\r\n	</li>\r\n	<li><strong>Kiểu d&aacute;ng:</strong> Ga trải giường c&oacute; hai kiểu d&aacute;ng ch&iacute;nh l&agrave; ga chun v&agrave; ga phẳng.\r\n	<ul>\r\n		<li><strong>Ga chun:</strong> Dễ d&agrave;ng lắp đặt v&agrave; &ocirc;m s&aacute;t đệm.</li>\r\n		<li><strong>Ga phẳng:</strong> Ph&ugrave; hợp với c&aacute;c loại đệm c&oacute; th&agrave;nh cao.</li>\r\n	</ul>\r\n	</li>\r\n	<li><strong>M&agrave;u sắc:</strong> Ga trải giường c&oacute; nhiều m&agrave;u sắc kh&aacute;c nhau để bạn lựa chọn theo sở th&iacute;ch v&agrave; phong c&aacute;ch trang tr&iacute; ph&ograve;ng ngủ.</li>\r\n</ul>\r\n','bo-4-changagoidemsaobien-6.jpg',5000000,20,1,1),(93,11,'bộ chăn họa tiết lông vũ m80',2900000,'<ul>\r\n	<li><strong>K&iacute;ch thước:</strong> Chăn c&oacute; nhiều k&iacute;ch thước kh&aacute;c nhau, phổ biến nhất l&agrave; 200x220cm, 180x200cm v&agrave; 160x200cm.</li>\r\n	<li><strong>Chất liệu:</strong> Chăn được l&agrave;m từ nhiều chất liệu kh&aacute;c nhau như cotton, lụa, nỉ, nhung, v.v. Mỗi chất liệu c&oacute; ưu v&agrave; nhược điểm ri&ecirc;ng.\r\n	<ul>\r\n		<li><strong>Cotton:</strong> Tho&aacute;ng m&aacute;t, thấm h&uacute;t mồ h&ocirc;i tốt, ph&ugrave; hợp cho mọi m&ugrave;a sử dụng.</li>\r\n		<li><strong>Lụa:</strong> Mềm mại, sang trọng, mang lại cảm gi&aacute;c m&aacute;t mẻ trong m&ugrave;a h&egrave;.</li>\r\n		<li><strong>Nỉ:</strong> Giữ ấm tốt, ph&ugrave; hợp cho m&ugrave;a đ&ocirc;ng.</li>\r\n		<li><strong>Nhung:</strong> Mềm mại, &ecirc;m &aacute;i, mang lại cảm gi&aacute;c ấm &aacute;p trong m&ugrave;a đ&ocirc;ng.</li>\r\n	</ul>\r\n	</li>\r\n	<li><strong>Kiểu d&aacute;ng:</strong> Chăn c&oacute; nhiều kiểu d&aacute;ng kh&aacute;c nhau như chăn trơn, chăn họa tiết, chăn th&ecirc;u, v.v.</li>\r\n	<li><strong>M&agrave;u sắc:</strong> Chăn c&oacute; nhiều m&agrave;u sắc kh&aacute;c nhau để bạn lựa chọn theo sở th&iacute;ch v&agrave; phong c&aacute;ch trang tr&iacute; ph&ograve;ng ngủ.</li>\r\n</ul>\r\n','bo-4-changagoidemlongvu-7.jpg',3000000,20,1,1),(94,23,'kệ mẫu N57',4900000,'<p>&nbsp;</p>\r\n\r\n<ul>\r\n	<li>Chiều cao: 2,5m</li>\r\n	<li>Chiều d&agrave;i: 3m</li>\r\n	<li>Chiều rộng: 70cm</li>\r\n</ul>\r\n\r\n<p><strong>Chất liệu:</strong></p>\r\n\r\n<ul>\r\n	<li>Kệ v&agrave; tủ c&oacute; thể được l&agrave;m từ nhiều chất liệu kh&aacute;c nhau như gỗ tự nhi&ecirc;n (gỗ sồi, gỗ xoan đ&agrave;o, gỗ &oacute;c ch&oacute;, v.v.), gỗ c&ocirc;ng nghiệp (MDF, MFC, HDF, v.v.), nhựa, kim loại, v.v.</li>\r\n	<li>Mỗi chất liệu c&oacute; ưu v&agrave; nhược điểm ri&ecirc;ng.\r\n	<ul>\r\n		<li><strong>Gỗ tự nhi&ecirc;n:</strong> Bền đẹp, sang trọng, gi&aacute; th&agrave;nh cao.</li>\r\n		<li><strong>Gỗ c&ocirc;ng nghiệp:</strong> Gi&aacute; th&agrave;nh rẻ hơn gỗ tự nhi&ecirc;n, đa dạng về mẫu m&atilde; v&agrave; m&agrave;u sắc.</li>\r\n		<li><strong>Nhựa:</strong> Nhẹ, dễ di chuyển, gi&aacute; th&agrave;nh rẻ, nhưng kh&ocirc;ng bền bằng gỗ.</li>\r\n		<li><strong>Kim loại:</strong> Chắc chắn, bền bỉ, nhưng c&oacute; thể bị gỉ s&eacute;t nếu kh&ocirc;ng được bảo quản tốt.</li>\r\n	</ul>\r\n	</li>\r\n</ul>\r\n','images (16).jpg',5000000,45,1,1),(95,23,'kệ trang trí + 2 tủ nhỏ',4500000,'<p>&nbsp;</p>\r\n\r\n<ul>\r\n	<li>Chiều cao: 2,5m</li>\r\n	<li>Chiều d&agrave;i: 3m</li>\r\n	<li>Chiều rộng: 70cm</li>\r\n</ul>\r\n\r\n<p><strong>Chất liệu:</strong></p>\r\n\r\n<ul>\r\n	<li>Kệ v&agrave; tủ c&oacute; thể được l&agrave;m từ nhiều chất liệu kh&aacute;c nhau như gỗ tự nhi&ecirc;n (gỗ sồi, gỗ xoan đ&agrave;o, gỗ &oacute;c ch&oacute;, v.v.), gỗ c&ocirc;ng nghiệp (MDF, MFC, HDF, v.v.), nhựa, kim loại, v.v.</li>\r\n	<li>Mỗi chất liệu c&oacute; ưu v&agrave; nhược điểm ri&ecirc;ng.\r\n	<ul>\r\n		<li><strong>Gỗ tự nhi&ecirc;n:</strong> Bền đẹp, sang trọng, gi&aacute; th&agrave;nh cao.</li>\r\n		<li><strong>Gỗ c&ocirc;ng nghiệp:</strong> Gi&aacute; th&agrave;nh rẻ hơn gỗ tự nhi&ecirc;n, đa dạng về mẫu m&atilde; v&agrave; m&agrave;u sắc.</li>\r\n		<li><strong>Nhựa:</strong> Nhẹ, dễ di chuyển, gi&aacute; th&agrave;nh rẻ, nhưng kh&ocirc;ng bền bằng gỗ.</li>\r\n		<li><strong>Kim loại:</strong> Chắc chắn, bền bỉ, nhưng c&oacute; thể bị gỉ s&eacute;t nếu kh&ocirc;ng được bảo quản tốt.</li>\r\n	</ul>\r\n	</li>\r\n</ul>\r\n','images (17).jpg',5000000,20,1,2),(96,23,'giá sách thời thượng M04',4900000,'<p>&nbsp;</p>\r\n\r\n<ul>\r\n	<li>Chiều cao: 2,5m</li>\r\n	<li>Chiều d&agrave;i: 3m</li>\r\n	<li>Chiều rộng: 70cm</li>\r\n</ul>\r\n\r\n<p><strong>Chất liệu:</strong></p>\r\n\r\n<ul>\r\n	<li>Kệ v&agrave; tủ c&oacute; thể được l&agrave;m từ nhiều chất liệu kh&aacute;c nhau như gỗ tự nhi&ecirc;n (gỗ sồi, gỗ xoan đ&agrave;o, gỗ &oacute;c ch&oacute;, v.v.), gỗ c&ocirc;ng nghiệp (MDF, MFC, HDF, v.v.), nhựa, kim loại, v.v.</li>\r\n	<li>Mỗi chất liệu c&oacute; ưu v&agrave; nhược điểm ri&ecirc;ng.\r\n	<ul>\r\n		<li><strong>Gỗ tự nhi&ecirc;n:</strong> Bền đẹp, sang trọng, gi&aacute; th&agrave;nh cao.</li>\r\n		<li><strong>Gỗ c&ocirc;ng nghiệp:</strong> Gi&aacute; th&agrave;nh rẻ hơn gỗ tự nhi&ecirc;n, đa dạng về mẫu m&atilde; v&agrave; m&agrave;u sắc.</li>\r\n		<li><strong>Nhựa:</strong> Nhẹ, dễ di chuyển, gi&aacute; th&agrave;nh rẻ, nhưng kh&ocirc;ng bền bằng gỗ.</li>\r\n		<li><strong>Kim loại:</strong> Chắc chắn, bền bỉ, nhưng c&oacute; thể bị gỉ s&eacute;t nếu kh&ocirc;ng được bảo quản tốt.</li>\r\n	</ul>\r\n	</li>\r\n</ul>\r\n','images (18).jpg',5000000,10,1,2),(97,1,'tủ nhỏ để đồ gỗ sồi N09',2500000,'<p>&nbsp;</p>\r\n\r\n<ul>\r\n	<li>Chiều cao: 2,5m</li>\r\n	<li>Chiều d&agrave;i: 3m</li>\r\n	<li>Chiều rộng: 70cm</li>\r\n</ul>\r\n\r\n<p><strong>Chất liệu:</strong></p>\r\n\r\n<ul>\r\n	<li>Kệ v&agrave; tủ c&oacute; thể được l&agrave;m từ nhiều chất liệu kh&aacute;c nhau như gỗ tự nhi&ecirc;n (gỗ sồi, gỗ xoan đ&agrave;o, gỗ &oacute;c ch&oacute;, v.v.), gỗ c&ocirc;ng nghiệp (MDF, MFC, HDF, v.v.), nhựa, kim loại, v.v.</li>\r\n	<li>Mỗi chất liệu c&oacute; ưu v&agrave; nhược điểm ri&ecirc;ng.\r\n	<ul>\r\n		<li><strong>Gỗ tự nhi&ecirc;n:</strong> Bền đẹp, sang trọng, gi&aacute; th&agrave;nh cao.</li>\r\n		<li><strong>Gỗ c&ocirc;ng nghiệp:</strong> Gi&aacute; th&agrave;nh rẻ hơn gỗ tự nhi&ecirc;n, đa dạng về mẫu m&atilde; v&agrave; m&agrave;u sắc.</li>\r\n		<li><strong>Nhựa:</strong> Nhẹ, dễ di chuyển, gi&aacute; th&agrave;nh rẻ, nhưng kh&ocirc;ng bền bằng gỗ.</li>\r\n		<li><strong>Kim loại:</strong> Chắc chắn, bền bỉ, nhưng c&oacute; thể bị gỉ s&eacute;t nếu kh&ocirc;ng được bảo quản tốt.</li>\r\n	</ul>\r\n	</li>\r\n</ul>\r\n','images (19).jpg',3000000,10,1,2),(98,23,'kệ trang trí màu hồng nữ tình b77',4500000,'<p>&nbsp;</p>\r\n\r\n<ul>\r\n	<li>Chiều cao: 2,5m</li>\r\n	<li>Chiều d&agrave;i: 3m</li>\r\n	<li>Chiều rộng: 70cm</li>\r\n</ul>\r\n\r\n<p><strong>Chất liệu:</strong></p>\r\n\r\n<ul>\r\n	<li>Kệ v&agrave; tủ c&oacute; thể được l&agrave;m từ nhiều chất liệu kh&aacute;c nhau như gỗ tự nhi&ecirc;n (gỗ sồi, gỗ xoan đ&agrave;o, gỗ &oacute;c ch&oacute;, v.v.), gỗ c&ocirc;ng nghiệp (MDF, MFC, HDF, v.v.), nhựa, kim loại, v.v.</li>\r\n	<li>Mỗi chất liệu c&oacute; ưu v&agrave; nhược điểm ri&ecirc;ng.\r\n	<ul>\r\n		<li><strong>Gỗ tự nhi&ecirc;n:</strong> Bền đẹp, sang trọng, gi&aacute; th&agrave;nh cao.</li>\r\n		<li><strong>Gỗ c&ocirc;ng nghiệp:</strong> Gi&aacute; th&agrave;nh rẻ hơn gỗ tự nhi&ecirc;n, đa dạng về mẫu m&atilde; v&agrave; m&agrave;u sắc.</li>\r\n		<li><strong>Nhựa:</strong> Nhẹ, dễ di chuyển, gi&aacute; th&agrave;nh rẻ, nhưng kh&ocirc;ng bền bằng gỗ.</li>\r\n		<li><strong>Kim loại:</strong> Chắc chắn, bền bỉ, nhưng c&oacute; thể bị gỉ s&eacute;t nếu kh&ocirc;ng được bảo quản tốt.</li>\r\n	</ul>\r\n	</li>\r\n</ul>\r\n','images (20).jpg',7000000,20,1,2),(99,23,'tủ + ngăn kéo j09',4700000,'<p>&nbsp;</p>\r\n\r\n<ul>\r\n	<li>Chiều cao: 2,5m</li>\r\n	<li>Chiều d&agrave;i: 3m</li>\r\n	<li>Chiều rộng: 70cm</li>\r\n</ul>\r\n\r\n<p><strong>Chất liệu:</strong></p>\r\n\r\n<ul>\r\n	<li>Kệ v&agrave; tủ c&oacute; thể được l&agrave;m từ nhiều chất liệu kh&aacute;c nhau như gỗ tự nhi&ecirc;n (gỗ sồi, gỗ xoan đ&agrave;o, gỗ &oacute;c ch&oacute;, v.v.), gỗ c&ocirc;ng nghiệp (MDF, MFC, HDF, v.v.), nhựa, kim loại, v.v.</li>\r\n	<li>Mỗi chất liệu c&oacute; ưu v&agrave; nhược điểm ri&ecirc;ng.\r\n	<ul>\r\n		<li><strong>Gỗ tự nhi&ecirc;n:</strong> Bền đẹp, sang trọng, gi&aacute; th&agrave;nh cao.</li>\r\n		<li><strong>Gỗ c&ocirc;ng nghiệp:</strong> Gi&aacute; th&agrave;nh rẻ hơn gỗ tự nhi&ecirc;n, đa dạng về mẫu m&atilde; v&agrave; m&agrave;u sắc.</li>\r\n		<li><strong>Nhựa:</strong> Nhẹ, dễ di chuyển, gi&aacute; th&agrave;nh rẻ, nhưng kh&ocirc;ng bền bằng gỗ.</li>\r\n		<li><strong>Kim loại:</strong> Chắc chắn, bền bỉ, nhưng c&oacute; thể bị gỉ s&eacute;t nếu kh&ocirc;ng được bảo quản tốt.</li>\r\n	</ul>\r\n	</li>\r\n</ul>\r\n','images (21).jpg',5000000,30,1,2),(100,23,'tủ để giày dép m82',1000000,'<p>&nbsp;</p>\r\n\r\n<ul>\r\n	<li>Chiều cao: 2,5m</li>\r\n	<li>Chiều d&agrave;i: 3m</li>\r\n	<li>Chiều rộng: 70cm</li>\r\n</ul>\r\n\r\n<p><strong>Chất liệu:</strong></p>\r\n\r\n<ul>\r\n	<li>Kệ v&agrave; tủ c&oacute; thể được l&agrave;m từ nhiều chất liệu kh&aacute;c nhau như gỗ tự nhi&ecirc;n (gỗ sồi, gỗ xoan đ&agrave;o, gỗ &oacute;c ch&oacute;, v.v.), gỗ c&ocirc;ng nghiệp (MDF, MFC, HDF, v.v.), nhựa, kim loại, v.v.</li>\r\n	<li>Mỗi chất liệu c&oacute; ưu v&agrave; nhược điểm ri&ecirc;ng.\r\n	<ul>\r\n		<li><strong>Gỗ tự nhi&ecirc;n:</strong> Bền đẹp, sang trọng, gi&aacute; th&agrave;nh cao.</li>\r\n		<li><strong>Gỗ c&ocirc;ng nghiệp:</strong> Gi&aacute; th&agrave;nh rẻ hơn gỗ tự nhi&ecirc;n, đa dạng về mẫu m&atilde; v&agrave; m&agrave;u sắc.</li>\r\n		<li><strong>Nhựa:</strong> Nhẹ, dễ di chuyển, gi&aacute; th&agrave;nh rẻ, nhưng kh&ocirc;ng bền bằng gỗ.</li>\r\n		<li><strong>Kim loại:</strong> Chắc chắn, bền bỉ, nhưng c&oacute; thể bị gỉ s&eacute;t nếu kh&ocirc;ng được bảo quản tốt.</li>\r\n	</ul>\r\n	</li>\r\n</ul>\r\n','images (22).jpg',3000000,20,1,2),(101,23,'tủ + giá trang trí k54',450000,'<p>&nbsp;</p>\r\n\r\n<ul>\r\n	<li>Chiều cao: 2,5m</li>\r\n	<li>Chiều d&agrave;i: 3m</li>\r\n	<li>Chiều rộng: 70cm</li>\r\n</ul>\r\n\r\n<p><strong>Chất liệu:</strong></p>\r\n\r\n<ul>\r\n	<li>Kệ v&agrave; tủ c&oacute; thể được l&agrave;m từ nhiều chất liệu kh&aacute;c nhau như gỗ tự nhi&ecirc;n (gỗ sồi, gỗ xoan đ&agrave;o, gỗ &oacute;c ch&oacute;, v.v.), gỗ c&ocirc;ng nghiệp (MDF, MFC, HDF, v.v.), nhựa, kim loại, v.v.</li>\r\n	<li>Mỗi chất liệu c&oacute; ưu v&agrave; nhược điểm ri&ecirc;ng.\r\n	<ul>\r\n		<li><strong>Gỗ tự nhi&ecirc;n:</strong> Bền đẹp, sang trọng, gi&aacute; th&agrave;nh cao.</li>\r\n		<li><strong>Gỗ c&ocirc;ng nghiệp:</strong> Gi&aacute; th&agrave;nh rẻ hơn gỗ tự nhi&ecirc;n, đa dạng về mẫu m&atilde; v&agrave; m&agrave;u sắc.</li>\r\n		<li><strong>Nhựa:</strong> Nhẹ, dễ di chuyển, gi&aacute; th&agrave;nh rẻ, nhưng kh&ocirc;ng bền bằng gỗ.</li>\r\n		<li><strong>Kim loại:</strong> Chắc chắn, bền bỉ, nhưng c&oacute; thể bị gỉ s&eacute;t nếu kh&ocirc;ng được bảo quản tốt.</li>\r\n	</ul>\r\n	</li>\r\n</ul>\r\n','images (23).jpg',5000000,15,1,1),(102,23,'tủ trang trí màu gỗ tự nhiên N88',5000000,'<p>&nbsp;</p>\r\n\r\n<ul>\r\n	<li>Chiều cao: 2,5m</li>\r\n	<li>Chiều d&agrave;i: 3m</li>\r\n	<li>Chiều rộng: 70cm</li>\r\n</ul>\r\n\r\n<p><strong>Chất liệu:</strong></p>\r\n\r\n<ul>\r\n	<li>Kệ v&agrave; tủ c&oacute; thể được l&agrave;m từ nhiều chất liệu kh&aacute;c nhau như gỗ tự nhi&ecirc;n (gỗ sồi, gỗ xoan đ&agrave;o, gỗ &oacute;c ch&oacute;, v.v.), gỗ c&ocirc;ng nghiệp (MDF, MFC, HDF, v.v.), nhựa, kim loại, v.v.</li>\r\n	<li>Mỗi chất liệu c&oacute; ưu v&agrave; nhược điểm ri&ecirc;ng.\r\n	<ul>\r\n		<li><strong>Gỗ tự nhi&ecirc;n:</strong> Bền đẹp, sang trọng, gi&aacute; th&agrave;nh cao.</li>\r\n		<li><strong>Gỗ c&ocirc;ng nghiệp:</strong> Gi&aacute; th&agrave;nh rẻ hơn gỗ tự nhi&ecirc;n, đa dạng về mẫu m&atilde; v&agrave; m&agrave;u sắc.</li>\r\n		<li><strong>Nhựa:</strong> Nhẹ, dễ di chuyển, gi&aacute; th&agrave;nh rẻ, nhưng kh&ocirc;ng bền bằng gỗ.</li>\r\n		<li><strong>Kim loại:</strong> Chắc chắn, bền bỉ, nhưng c&oacute; thể bị gỉ s&eacute;t nếu kh&ocirc;ng được bảo quản tốt.</li>\r\n	</ul>\r\n	</li>\r\n</ul>\r\n','images (24).jpg',7000000,20,1,1),(103,23,'kệ tivi hiện  đại',12500000,'<p>&nbsp;</p>\r\n\r\n<ul>\r\n	<li>Chiều cao: 2,5m</li>\r\n	<li>Chiều d&agrave;i: 3m</li>\r\n	<li>Chiều rộng: 70cm</li>\r\n</ul>\r\n\r\n<p><strong>Chất liệu:</strong></p>\r\n\r\n<ul>\r\n	<li>Kệ v&agrave; tủ c&oacute; thể được l&agrave;m từ nhiều chất liệu kh&aacute;c nhau như gỗ tự nhi&ecirc;n (gỗ sồi, gỗ xoan đ&agrave;o, gỗ &oacute;c ch&oacute;, v.v.), gỗ c&ocirc;ng nghiệp (MDF, MFC, HDF, v.v.), nhựa, kim loại, v.v.</li>\r\n	<li>Mỗi chất liệu c&oacute; ưu v&agrave; nhược điểm ri&ecirc;ng.\r\n	<ul>\r\n		<li><strong>Gỗ tự nhi&ecirc;n:</strong> Bền đẹp, sang trọng, gi&aacute; th&agrave;nh cao.</li>\r\n		<li><strong>Gỗ c&ocirc;ng nghiệp:</strong> Gi&aacute; th&agrave;nh rẻ hơn gỗ tự nhi&ecirc;n, đa dạng về mẫu m&atilde; v&agrave; m&agrave;u sắc.</li>\r\n		<li><strong>Nhựa:</strong> Nhẹ, dễ di chuyển, gi&aacute; th&agrave;nh rẻ, nhưng kh&ocirc;ng bền bằng gỗ.</li>\r\n		<li><strong>Kim loại:</strong> Chắc chắn, bền bỉ, nhưng c&oacute; thể bị gỉ s&eacute;t nếu kh&ocirc;ng được bảo quản tốt.</li>\r\n	</ul>\r\n	</li>\r\n</ul>\r\n','images (25).jpg',15000000,15,1,1),(104,23,'kệ dáng basic phòng ngủ',1000000,'<p>&nbsp;</p>\r\n\r\n<ul>\r\n	<li>Chiều cao: 2,5m</li>\r\n	<li>Chiều d&agrave;i: 3m</li>\r\n	<li>Chiều rộng: 70cm</li>\r\n</ul>\r\n\r\n<p><strong>Chất liệu:</strong></p>\r\n\r\n<ul>\r\n	<li>Kệ v&agrave; tủ c&oacute; thể được l&agrave;m từ nhiều chất liệu kh&aacute;c nhau như gỗ tự nhi&ecirc;n (gỗ sồi, gỗ xoan đ&agrave;o, gỗ &oacute;c ch&oacute;, v.v.), gỗ c&ocirc;ng nghiệp (MDF, MFC, HDF, v.v.), nhựa, kim loại, v.v.</li>\r\n	<li>Mỗi chất liệu c&oacute; ưu v&agrave; nhược điểm ri&ecirc;ng.\r\n	<ul>\r\n		<li><strong>Gỗ tự nhi&ecirc;n:</strong> Bền đẹp, sang trọng, gi&aacute; th&agrave;nh cao.</li>\r\n		<li><strong>Gỗ c&ocirc;ng nghiệp:</strong> Gi&aacute; th&agrave;nh rẻ hơn gỗ tự nhi&ecirc;n, đa dạng về mẫu m&atilde; v&agrave; m&agrave;u sắc.</li>\r\n		<li><strong>Nhựa:</strong> Nhẹ, dễ di chuyển, gi&aacute; th&agrave;nh rẻ, nhưng kh&ocirc;ng bền bằng gỗ.</li>\r\n		<li><strong>Kim loại:</strong> Chắc chắn, bền bỉ, nhưng c&oacute; thể bị gỉ s&eacute;t nếu kh&ocirc;ng được bảo quản tốt.</li>\r\n	</ul>\r\n	</li>\r\n</ul>\r\n','images (26).jpg',1500000,10,1,1),(105,23,'kệ lớn màu đen gỗ sồi Đức j67',14000000,'<p>&nbsp;</p>\r\n\r\n<ul>\r\n	<li>Chiều cao: 2,5m</li>\r\n	<li>Chiều d&agrave;i: 3m</li>\r\n	<li>Chiều rộng: 70cm</li>\r\n</ul>\r\n\r\n<p><strong>Chất liệu:</strong></p>\r\n\r\n<ul>\r\n	<li>Kệ v&agrave; tủ c&oacute; thể được l&agrave;m từ nhiều chất liệu kh&aacute;c nhau như gỗ tự nhi&ecirc;n (gỗ sồi, gỗ xoan đ&agrave;o, gỗ &oacute;c ch&oacute;, v.v.), gỗ c&ocirc;ng nghiệp (MDF, MFC, HDF, v.v.), nhựa, kim loại, v.v.</li>\r\n	<li>Mỗi chất liệu c&oacute; ưu v&agrave; nhược điểm ri&ecirc;ng.\r\n	<ul>\r\n		<li><strong>Gỗ tự nhi&ecirc;n:</strong> Bền đẹp, sang trọng, gi&aacute; th&agrave;nh cao.</li>\r\n		<li><strong>Gỗ c&ocirc;ng nghiệp:</strong> Gi&aacute; th&agrave;nh rẻ hơn gỗ tự nhi&ecirc;n, đa dạng về mẫu m&atilde; v&agrave; m&agrave;u sắc.</li>\r\n		<li><strong>Nhựa:</strong> Nhẹ, dễ di chuyển, gi&aacute; th&agrave;nh rẻ, nhưng kh&ocirc;ng bền bằng gỗ.</li>\r\n		<li><strong>Kim loại:</strong> Chắc chắn, bền bỉ, nhưng c&oacute; thể bị gỉ s&eacute;t nếu kh&ocirc;ng được bảo quản tốt.</li>\r\n	</ul>\r\n	</li>\r\n</ul>\r\n','images (27).jpg',15000000,20,1,1),(106,23,'kệ trang trí + 3 tủ nhỏ màu trắng ',14700000,'<p>&nbsp;</p>\r\n\r\n<ul>\r\n	<li>Chiều cao: 2,5m</li>\r\n	<li>Chiều d&agrave;i: 3m</li>\r\n	<li>Chiều rộng: 70cm</li>\r\n</ul>\r\n\r\n<p><strong>Chất liệu:</strong></p>\r\n\r\n<ul>\r\n	<li>Kệ v&agrave; tủ c&oacute; thể được l&agrave;m từ nhiều chất liệu kh&aacute;c nhau như gỗ tự nhi&ecirc;n (gỗ sồi, gỗ xoan đ&agrave;o, gỗ &oacute;c ch&oacute;, v.v.), gỗ c&ocirc;ng nghiệp (MDF, MFC, HDF, v.v.), nhựa, kim loại, v.v.</li>\r\n	<li>Mỗi chất liệu c&oacute; ưu v&agrave; nhược điểm ri&ecirc;ng.\r\n	<ul>\r\n		<li><strong>Gỗ tự nhi&ecirc;n:</strong> Bền đẹp, sang trọng, gi&aacute; th&agrave;nh cao.</li>\r\n		<li><strong>Gỗ c&ocirc;ng nghiệp:</strong> Gi&aacute; th&agrave;nh rẻ hơn gỗ tự nhi&ecirc;n, đa dạng về mẫu m&atilde; v&agrave; m&agrave;u sắc.</li>\r\n		<li><strong>Nhựa:</strong> Nhẹ, dễ di chuyển, gi&aacute; th&agrave;nh rẻ, nhưng kh&ocirc;ng bền bằng gỗ.</li>\r\n		<li><strong>Kim loại:</strong> Chắc chắn, bền bỉ, nhưng c&oacute; thể bị gỉ s&eacute;t nếu kh&ocirc;ng được bảo quản tốt.</li>\r\n	</ul>\r\n	</li>\r\n</ul>\r\n','images (28).jpg',15000000,10,1,1),(107,23,'kệ trang trí + 3 tủ nhỏ E67',13800000,'<p>&nbsp;</p>\r\n\r\n<ul>\r\n	<li>Chiều cao: 2,5m</li>\r\n	<li>Chiều d&agrave;i: 3m</li>\r\n	<li>Chiều rộng: 70cm</li>\r\n</ul>\r\n\r\n<p><strong>Chất liệu:</strong></p>\r\n\r\n<ul>\r\n	<li>Kệ v&agrave; tủ c&oacute; thể được l&agrave;m từ nhiều chất liệu kh&aacute;c nhau như gỗ tự nhi&ecirc;n (gỗ sồi, gỗ xoan đ&agrave;o, gỗ &oacute;c ch&oacute;, v.v.), gỗ c&ocirc;ng nghiệp (MDF, MFC, HDF, v.v.), nhựa, kim loại, v.v.</li>\r\n	<li>Mỗi chất liệu c&oacute; ưu v&agrave; nhược điểm ri&ecirc;ng.\r\n	<ul>\r\n		<li><strong>Gỗ tự nhi&ecirc;n:</strong> Bền đẹp, sang trọng, gi&aacute; th&agrave;nh cao.</li>\r\n		<li><strong>Gỗ c&ocirc;ng nghiệp:</strong> Gi&aacute; th&agrave;nh rẻ hơn gỗ tự nhi&ecirc;n, đa dạng về mẫu m&atilde; v&agrave; m&agrave;u sắc.</li>\r\n		<li><strong>Nhựa:</strong> Nhẹ, dễ di chuyển, gi&aacute; th&agrave;nh rẻ, nhưng kh&ocirc;ng bền bằng gỗ.</li>\r\n		<li><strong>Kim loại:</strong> Chắc chắn, bền bỉ, nhưng c&oacute; thể bị gỉ s&eacute;t nếu kh&ocirc;ng được bảo quản tốt.</li>\r\n	</ul>\r\n	</li>\r\n</ul>\r\n','images (30).jpg',15000000,10,1,1),(108,23,'kệ phòng ngủ basic K98',14500000,'<p><strong>Cấu tạo:</strong></p>\r\n\r\n<ul>\r\n	<li>Kệ v&agrave; tủ c&oacute; thể được thiết kế theo nhiều kiểu d&aacute;ng kh&aacute;c nhau, t&ugrave;y theo nhu cầu sử dụng.</li>\r\n	<li>Một số kiểu d&aacute;ng phổ biến bao gồm:\r\n	<ul>\r\n		<li><strong>Kệ đơn:</strong> Gồm nhiều tầng, mỗi tầng c&oacute; thể được chia th&agrave;nh nhiều ngăn nhỏ.</li>\r\n		<li><strong>Tủ c&oacute; c&aacute;nh:</strong> Gồm nhiều ngăn k&iacute;n, c&oacute; thể được trang bị cửa mở hoặc cửa trượt.</li>\r\n		<li><strong>Kệ kết hợp tủ:</strong> Kết hợp cả kệ v&agrave; tủ, gi&uacute;p tiết kiệm diện t&iacute;ch.</li>\r\n	</ul>\r\n	</li>\r\n</ul>\r\n','images (31).jpg',15000000,10,1,1),(109,23,'kệ gắn tường h12',10000000,'<p><strong>Cấu tạo:</strong></p>\r\n\r\n<ul>\r\n	<li>Kệ v&agrave; tủ c&oacute; thể được thiết kế theo nhiều kiểu d&aacute;ng kh&aacute;c nhau, t&ugrave;y theo nhu cầu sử dụng.</li>\r\n	<li>Một số kiểu d&aacute;ng phổ biến bao gồm:\r\n	<ul>\r\n		<li><strong>Kệ đơn:</strong> Gồm nhiều tầng, mỗi tầng c&oacute; thể được chia th&agrave;nh nhiều ngăn nhỏ.</li>\r\n		<li><strong>Tủ c&oacute; c&aacute;nh:</strong> Gồm nhiều ngăn k&iacute;n, c&oacute; thể được trang bị cửa mở hoặc cửa trượt.</li>\r\n		<li><strong>Kệ kết hợp tủ:</strong> Kết hợp cả kệ v&agrave; tủ, gi&uacute;p tiết kiệm diện t&iacute;ch.</li>\r\n	</ul>\r\n	</li>\r\n</ul>\r\n','images (32).jpg',12000000,10,1,1),(110,23,'kệ để đồ thiết kế vòng cung k00',150000000,'<p><strong>Ưu điểm:</strong></p>\r\n\r\n<ul>\r\n	<li>Kệ v&agrave; tủ gi&uacute;p tiết kiệm diện t&iacute;ch, tạo sự gọn g&agrave;ng cho kh&ocirc;ng gian.</li>\r\n	<li>Kệ v&agrave; tủ gi&uacute;p trưng b&agrave;y đồ đạc một c&aacute;ch đẹp mắt, tăng t&iacute;nh thẩm mỹ cho kh&ocirc;ng gian.</li>\r\n	<li>Kệ v&agrave; tủ gi&uacute;p cất giữ đồ đạc một c&aacute;ch an to&agrave;n, tr&aacute;nh bụi bẩn v&agrave; c&ocirc;n tr&ugrave;ng.</li>\r\n</ul>\r\n','images (35).jpg',170000000,10,1,1),(111,23,'kệ tủ thời trang cho chung cư L7',4900000,'<p><strong>Ưu điểm:</strong></p>\r\n\r\n<ul>\r\n	<li>Kệ v&agrave; tủ gi&uacute;p tiết kiệm diện t&iacute;ch, tạo sự gọn g&agrave;ng cho kh&ocirc;ng gian.</li>\r\n	<li>Kệ v&agrave; tủ gi&uacute;p trưng b&agrave;y đồ đạc một c&aacute;ch đẹp mắt, tăng t&iacute;nh thẩm mỹ cho kh&ocirc;ng gian.</li>\r\n	<li>Kệ v&agrave; tủ gi&uacute;p cất giữ đồ đạc một c&aacute;ch an to&agrave;n, tr&aacute;nh bụi bẩn v&agrave; c&ocirc;n tr&ugrave;ng.</li>\r\n</ul>\r\n','images (36).jpg',5000000,10,1,1),(112,23,'Tủ lớn dáng basic P003',10000000,'<p><strong>Ưu điểm:</strong></p>\r\n\r\n<ul>\r\n	<li>Kệ v&agrave; tủ gi&uacute;p tiết kiệm diện t&iacute;ch, tạo sự gọn g&agrave;ng cho kh&ocirc;ng gian.</li>\r\n	<li>Kệ v&agrave; tủ gi&uacute;p trưng b&agrave;y đồ đạc một c&aacute;ch đẹp mắt, tăng t&iacute;nh thẩm mỹ cho kh&ocirc;ng gian.</li>\r\n	<li>Kệ v&agrave; tủ gi&uacute;p cất giữ đồ đạc một c&aacute;ch an to&agrave;n, tr&aacute;nh bụi bẩn v&agrave; c&ocirc;n tr&ugrave;ng.</li>\r\n</ul>\r\n','images (37).jpg',15000000,20,1,1),(113,23,'Kệ để đồ cho trẻ Mp04',3000000,'<p><strong>Ưu điểm:</strong></p>\r\n\r\n<ul>\r\n	<li>Kệ v&agrave; tủ gi&uacute;p tiết kiệm diện t&iacute;ch, tạo sự gọn g&agrave;ng cho kh&ocirc;ng gian.</li>\r\n	<li>Kệ v&agrave; tủ gi&uacute;p trưng b&agrave;y đồ đạc một c&aacute;ch đẹp mắt, tăng t&iacute;nh thẩm mỹ cho kh&ocirc;ng gian.</li>\r\n	<li>Kệ v&agrave; tủ gi&uacute;p cất giữ đồ đạc một c&aacute;ch an to&agrave;n, tr&aacute;nh bụi bẩn v&agrave; c&ocirc;n tr&ugrave;ng.</li>\r\n</ul>\r\n','images (38).jpg',5000000,20,1,1),(114,23,'tủ để đồ nhỏ gọn tiện lợi H52',2000000,'<p><strong>C&ocirc;ng dụng:</strong></p>\r\n\r\n<ul>\r\n	<li>Kệ v&agrave; tủ được sử dụng để trưng b&agrave;y đồ đạc, s&aacute;ch vở, t&agrave;i liệu, v.v.</li>\r\n	<li>Kệ v&agrave; tủ cũng c&oacute; thể được sử dụng để cất giữ quần &aacute;o, chăn m&agrave;n, đồ d&ugrave;ng c&aacute; nh&acirc;n, v.v.</li>\r\n</ul>\r\n','images (39).jpg',3000000,15,1,2),(115,23,'kệ dáng basic cho học sinh',450000,'<p><strong>C&ocirc;ng dụng:</strong></p>\r\n\r\n<ul>\r\n	<li>Kệ v&agrave; tủ được sử dụng để trưng b&agrave;y đồ đạc, s&aacute;ch vở, t&agrave;i liệu, v.v.</li>\r\n	<li>Kệ v&agrave; tủ cũng c&oacute; thể được sử dụng để cất giữ quần &aacute;o, chăn m&agrave;n, đồ d&ugrave;ng c&aacute; nh&acirc;n, v.v.</li>\r\n</ul>\r\n','images (40).jpg',5000000,20,1,2),(116,23,'Tủ quần áo phòng ngủ H33',9800000,'<p><strong>C&ocirc;ng dụng:</strong></p>\r\n\r\n<ul>\r\n	<li>Kệ v&agrave; tủ được sử dụng để trưng b&agrave;y đồ đạc, s&aacute;ch vở, t&agrave;i liệu, v.v.</li>\r\n	<li>Kệ v&agrave; tủ cũng c&oacute; thể được sử dụng để cất giữ quần &aacute;o, chăn m&agrave;n, đồ d&ugrave;ng c&aacute; nh&acirc;n, v.v.</li>\r\n</ul>\r\n','images (41).jpg',1000000,20,1,2),(117,23,'tủ kệ trang trí  phòng khách, văn phòng Bb34',1000000,'<p><strong>K&iacute;ch thước:</strong></p>\r\n\r\n<ul>\r\n	<li>Chiều cao: 2,5m</li>\r\n	<li>Chiều d&agrave;i: 3m</li>\r\n	<li>Chiều rộng: 70cm</li>\r\n</ul>\r\n\r\n<p><strong>Chất liệu:</strong></p>\r\n\r\n<ul>\r\n	<li>Kệ v&agrave; tủ c&oacute; thể được l&agrave;m từ nhiều chất liệu kh&aacute;c nhau như gỗ tự nhi&ecirc;n (gỗ sồi, gỗ xoan đ&agrave;o, gỗ &oacute;c ch&oacute;, v.v.), gỗ c&ocirc;ng nghiệp (MDF, MFC, HDF, v.v.), nhựa, kim loại, v.v.</li>\r\n	<li>Mỗi chất liệu c&oacute; ưu v&agrave; nhược điểm ri&ecirc;ng.\r\n	<ul>\r\n		<li><strong>Gỗ tự nhi&ecirc;n:</strong> Bền đẹp, sang trọng, gi&aacute; th&agrave;nh cao.</li>\r\n		<li><strong>Gỗ c&ocirc;ng nghiệp:</strong> Gi&aacute; th&agrave;nh rẻ hơn gỗ tự nhi&ecirc;n, đa dạng về mẫu m&atilde; v&agrave; m&agrave;u sắc.</li>\r\n		<li><strong>Nhựa:</strong> Nhẹ, dễ di chuyển, gi&aacute; th&agrave;nh rẻ, nhưng kh&ocirc;ng bền bằng gỗ.</li>\r\n		<li><strong>Kim loại:</strong> Chắc chắn, bền bỉ, nhưng c&oacute; thể bị gỉ s&eacute;t nếu kh&ocirc;ng được bảo quản tốt.</li>\r\n	</ul>\r\n	</li>\r\n</ul>\r\n','images (42).jpg',15000000,20,1,2),(118,23,'giá trang trí gần gũi thiên nhiên H90',4000000,'<ul>\r\n	<li>Kệ v&agrave; tủ được sử dụng để trưng b&agrave;y đồ đạc, s&aacute;ch vở, t&agrave;i liệu, v.v.</li>\r\n	<li>Kệ v&agrave; tủ cũng c&oacute; thể được sử dụng để cất giữ quần &aacute;o, chăn m&agrave;n, đồ d&ugrave;ng c&aacute; nh&acirc;n, v.v.</li>\r\n</ul>\r\n','images (43).jpg',5000000,10,1,2),(119,23,'tủ quần áo phòng ngủ Hk60',10000000,'<ul>\r\n	<li>\r\n	<p><strong>K&iacute;ch thước:</strong></p>\r\n	</li>\r\n	<li>Chiều cao: 2,5m</li>\r\n	<li>Chiều d&agrave;i: 3m</li>\r\n	<li>Chiều rộng: 70cm</li>\r\n	<li>\r\n	<p><strong>Chất liệu:</strong></p>\r\n	</li>\r\n	<li>Kệ v&agrave; tủ c&oacute; thể được l&agrave;m từ nhiều chất liệu kh&aacute;c nhau như gỗ tự nhi&ecirc;n (gỗ sồi, gỗ xoan đ&agrave;o, gỗ &oacute;c ch&oacute;, v.v.), gỗ c&ocirc;ng nghiệp (MDF, MFC, HDF, v.v.), nhựa, kim loại, v.v.</li>\r\n	<li>Mỗi chất liệu c&oacute; ưu v&agrave; nhược điểm ri&ecirc;ng.\r\n	<ul>\r\n		<li><strong>Gỗ tự nhi&ecirc;n:</strong> Bền đẹp, sang trọng, gi&aacute; th&agrave;nh cao.</li>\r\n		<li><strong>Gỗ c&ocirc;ng nghiệp:</strong> Gi&aacute; th&agrave;nh rẻ hơn gỗ tự nhi&ecirc;n, đa dạng về mẫu m&atilde; v&agrave; m&agrave;u sắc.</li>\r\n		<li><strong>Nhựa:</strong> Nhẹ, dễ di chuyển, gi&aacute; th&agrave;nh rẻ, nhưng kh&ocirc;ng bền bằng gỗ.</li>\r\n		<li><strong>Kim loại:</strong> Chắc chắn, bền bỉ, nhưng c&oacute; thể bị gỉ s&eacute;t nếu kh&ocirc;ng được bảo quản tốt.</li>\r\n	</ul>\r\n	</li>\r\n	<li>\r\n	<p><strong>Cấu tạo:</strong></p>\r\n	</li>\r\n	<li>Kệ v&agrave; tủ c&oacute; thể được thiết kế theo nhiều kiểu d&aacute;ng kh&aacute;c nhau, t&ugrave;y theo nhu cầu sử dụng.</li>\r\n	<li>Một số kiểu d&aacute;ng phổ biến bao gồm:\r\n	<ul>\r\n		<li><strong>Kệ đơn:</strong> Gồm nhiều tầng, mỗi tầng c&oacute; thể được chia th&agrave;nh nhiều ngăn nhỏ.</li>\r\n		<li><strong>Tủ c&oacute; c&aacute;nh:</strong> Gồm nhiều ngăn k&iacute;n, c&oacute; thể được trang bị cửa mở hoặc cửa trượt.</li>\r\n		<li><strong>Kệ kết hợp tủ:</strong> Kết hợp cả kệ v&agrave; tủ, gi&uacute;p tiết kiệm diện t&iacute;ch.</li>\r\n	</ul>\r\n	</li>\r\n</ul>\r\n','images (44).jpg',15000000,10,1,2),(120,23,'tủ quần áo phòng ngủ màu đen sang trọng J1',16000000,'<p><strong>K&iacute;ch thước:</strong></p>\r\n\r\n<ul>\r\n	<li>Chiều cao: 2,5m</li>\r\n	<li>Chiều d&agrave;i: 3m</li>\r\n	<li>Chiều rộng: 70cm</li>\r\n</ul>\r\n\r\n<p><strong>Chất liệu:</strong></p>\r\n\r\n<ul>\r\n	<li>Kệ v&agrave; tủ c&oacute; thể được l&agrave;m từ nhiều chất liệu kh&aacute;c nhau như gỗ tự nhi&ecirc;n (gỗ sồi, gỗ xoan đ&agrave;o, gỗ &oacute;c ch&oacute;, v.v.), gỗ c&ocirc;ng nghiệp (MDF, MFC, HDF, v.v.), nhựa, kim loại, v.v.</li>\r\n	<li>Mỗi chất liệu c&oacute; ưu v&agrave; nhược điểm ri&ecirc;ng.\r\n	<ul>\r\n		<li><strong>Gỗ tự nhi&ecirc;n:</strong> Bền đẹp, sang trọng, gi&aacute; th&agrave;nh cao.</li>\r\n		<li><strong>Gỗ c&ocirc;ng nghiệp:</strong> Gi&aacute; th&agrave;nh rẻ hơn gỗ tự nhi&ecirc;n, đa dạng về mẫu m&atilde; v&agrave; m&agrave;u sắc.</li>\r\n		<li><strong>Nhựa:</strong> Nhẹ, dễ di chuyển, gi&aacute; th&agrave;nh rẻ, nhưng kh&ocirc;ng bền bằng gỗ.</li>\r\n		<li><strong>Kim loại:</strong> Chắc chắn, bền bỉ, nhưng c&oacute; thể bị gỉ s&eacute;t nếu kh&ocirc;ng được bảo quản tốt.</li>\r\n	</ul>\r\n	</li>\r\n</ul>\r\n\r\n<p><strong>Cấu tạo:</strong></p>\r\n\r\n<ul>\r\n	<li>Kệ v&agrave; tủ c&oacute; thể được thiết kế theo nhiều kiểu d&aacute;ng kh&aacute;c nhau, t&ugrave;y theo nhu cầu sử dụng.</li>\r\n	<li>Một số kiểu d&aacute;ng phổ biến bao gồm:\r\n	<ul>\r\n		<li><strong>Kệ đơn:</strong> Gồm nhiều tầng, mỗi tầng c&oacute; thể được chia th&agrave;nh nhiều ngăn nhỏ.</li>\r\n		<li><strong>Tủ c&oacute; c&aacute;nh:</strong> Gồm nhiều ngăn k&iacute;n, c&oacute; thể được trang bị cửa mở hoặc cửa trượt.</li>\r\n		<li><strong>Kệ kết hợp tủ:</strong> Kết hợp cả kệ v&agrave; tủ, gi&uacute;p tiết kiệm diện t&iacute;ch.</li>\r\n	</ul>\r\n	</li>\r\n</ul>\r\n','images (45).jpg',18000000,15,1,2),(121,23,'kệ để đồ văn phòng K81',13500000,'<p><strong>K&iacute;ch thước:</strong></p>\r\n\r\n<ul>\r\n	<li>Chiều cao: 2,5m</li>\r\n	<li>Chiều d&agrave;i: 3m</li>\r\n	<li>Chiều rộng: 70cm</li>\r\n</ul>\r\n\r\n<p><strong>Chất liệu:</strong></p>\r\n\r\n<ul>\r\n	<li>Kệ v&agrave; tủ c&oacute; thể được l&agrave;m từ nhiều chất liệu kh&aacute;c nhau như gỗ tự nhi&ecirc;n (gỗ sồi, gỗ xoan đ&agrave;o, gỗ &oacute;c ch&oacute;, v.v.), gỗ c&ocirc;ng nghiệp (MDF, MFC, HDF, v.v.), nhựa, kim loại, v.v.</li>\r\n	<li>Mỗi chất liệu c&oacute; ưu v&agrave; nhược điểm ri&ecirc;ng.\r\n	<ul>\r\n		<li><strong>Gỗ tự nhi&ecirc;n:</strong> Bền đẹp, sang trọng, gi&aacute; th&agrave;nh cao.</li>\r\n		<li><strong>Gỗ c&ocirc;ng nghiệp:</strong> Gi&aacute; th&agrave;nh rẻ hơn gỗ tự nhi&ecirc;n, đa dạng về mẫu m&atilde; v&agrave; m&agrave;u sắc.</li>\r\n		<li><strong>Nhựa:</strong> Nhẹ, dễ di chuyển, gi&aacute; th&agrave;nh rẻ, nhưng kh&ocirc;ng bền bằng gỗ.</li>\r\n		<li><strong>Kim loại:</strong> Chắc chắn, bền bỉ, nhưng c&oacute; thể bị gỉ s&eacute;t nếu kh&ocirc;ng được bảo quản tốt.</li>\r\n	</ul>\r\n	</li>\r\n</ul>\r\n\r\n<p><strong>Cấu tạo:</strong></p>\r\n\r\n<ul>\r\n	<li>Kệ v&agrave; tủ c&oacute; thể được thiết kế theo nhiều kiểu d&aacute;ng kh&aacute;c nhau, t&ugrave;y theo nhu cầu sử dụng.</li>\r\n	<li>Một số kiểu d&aacute;ng phổ biến bao gồm:\r\n	<ul>\r\n		<li><strong>Kệ đơn:</strong> Gồm nhiều tầng, mỗi tầng c&oacute; thể được chia th&agrave;nh nhiều ngăn nhỏ.</li>\r\n		<li><strong>Tủ c&oacute; c&aacute;nh:</strong> Gồm nhiều ngăn k&iacute;n, c&oacute; thể được trang bị cửa mở hoặc cửa trượt.</li>\r\n		<li><strong>Kệ kết hợp tủ:</strong> Kết hợp cả kệ v&agrave; tủ, gi&uacute;p tiết kiệm diện t&iacute;ch.</li>\r\n	</ul>\r\n	</li>\r\n</ul>\r\n','images (46).jpg',15000000,10,1,2),(122,23,'Kệ để đồ đơn giản Kl09',8000000,'<p><strong>K&iacute;ch thước:</strong></p>\r\n\r\n<ul>\r\n	<li>Chiều cao: 2,5m</li>\r\n	<li>Chiều d&agrave;i: 3m</li>\r\n	<li>Chiều rộng: 70cm</li>\r\n</ul>\r\n\r\n<p><strong>Chất liệu:</strong></p>\r\n\r\n<ul>\r\n	<li>Kệ v&agrave; tủ c&oacute; thể được l&agrave;m từ nhiều chất liệu kh&aacute;c nhau như gỗ tự nhi&ecirc;n (gỗ sồi, gỗ xoan đ&agrave;o, gỗ &oacute;c ch&oacute;, v.v.), gỗ c&ocirc;ng nghiệp (MDF, MFC, HDF, v.v.), nhựa, kim loại, v.v.</li>\r\n	<li>Mỗi chất liệu c&oacute; ưu v&agrave; nhược điểm ri&ecirc;ng.\r\n	<ul>\r\n		<li><strong>Gỗ tự nhi&ecirc;n:</strong> Bền đẹp, sang trọng, gi&aacute; th&agrave;nh cao.</li>\r\n		<li><strong>Gỗ c&ocirc;ng nghiệp:</strong> Gi&aacute; th&agrave;nh rẻ hơn gỗ tự nhi&ecirc;n, đa dạng về mẫu m&atilde; v&agrave; m&agrave;u sắc.</li>\r\n		<li><strong>Nhựa:</strong> Nhẹ, dễ di chuyển, gi&aacute; th&agrave;nh rẻ, nhưng kh&ocirc;ng bền bằng gỗ.</li>\r\n		<li><strong>Kim loại:</strong> Chắc chắn, bền bỉ, nhưng c&oacute; thể bị gỉ s&eacute;t nếu kh&ocirc;ng được bảo quản tốt.</li>\r\n	</ul>\r\n	</li>\r\n</ul>\r\n\r\n<p><strong>Cấu tạo:</strong></p>\r\n\r\n<ul>\r\n	<li>Kệ v&agrave; tủ c&oacute; thể được thiết kế theo nhiều kiểu d&aacute;ng kh&aacute;c nhau, t&ugrave;y theo nhu cầu sử dụng.</li>\r\n	<li>Một số kiểu d&aacute;ng phổ biến bao gồm:\r\n	<ul>\r\n		<li><strong>Kệ đơn:</strong> Gồm nhiều tầng, mỗi tầng c&oacute; thể được chia th&agrave;nh nhiều ngăn nhỏ.</li>\r\n		<li><strong>Tủ c&oacute; c&aacute;nh:</strong> Gồm nhiều ngăn k&iacute;n, c&oacute; thể được trang bị cửa mở hoặc cửa trượt.</li>\r\n		<li><strong>Kệ kết hợp tủ:</strong> Kết hợp cả kệ v&agrave; tủ, gi&uacute;p tiết kiệm diện t&iacute;ch.</li>\r\n	</ul>\r\n	</li>\r\n</ul>\r\n','images (47).jpg',10000000,20,1,2),(123,23,'giá để đồ sang trong hG35',9000000,'<p><strong>K&iacute;ch thước:</strong></p>\r\n\r\n<ul>\r\n	<li>Chiều cao: 2,5m</li>\r\n	<li>Chiều d&agrave;i: 3m</li>\r\n	<li>Chiều rộng: 70cm</li>\r\n</ul>\r\n\r\n<p><strong>Chất liệu:</strong></p>\r\n\r\n<ul>\r\n	<li>Kệ v&agrave; tủ c&oacute; thể được l&agrave;m từ nhiều chất liệu kh&aacute;c nhau như gỗ tự nhi&ecirc;n (gỗ sồi, gỗ xoan đ&agrave;o, gỗ &oacute;c ch&oacute;, v.v.), gỗ c&ocirc;ng nghiệp (MDF, MFC, HDF, v.v.), nhựa, kim loại, v.v.</li>\r\n	<li>Mỗi chất liệu c&oacute; ưu v&agrave; nhược điểm ri&ecirc;ng.\r\n	<ul>\r\n		<li><strong>Gỗ tự nhi&ecirc;n:</strong> Bền đẹp, sang trọng, gi&aacute; th&agrave;nh cao.</li>\r\n		<li><strong>Gỗ c&ocirc;ng nghiệp:</strong> Gi&aacute; th&agrave;nh rẻ hơn gỗ tự nhi&ecirc;n, đa dạng về mẫu m&atilde; v&agrave; m&agrave;u sắc.</li>\r\n		<li><strong>Nhựa:</strong> Nhẹ, dễ di chuyển, gi&aacute; th&agrave;nh rẻ, nhưng kh&ocirc;ng bền bằng gỗ.</li>\r\n		<li><strong>Kim loại:</strong> Chắc chắn, bền bỉ, nhưng c&oacute; thể bị gỉ s&eacute;t nếu kh&ocirc;ng được bảo quản tốt.</li>\r\n	</ul>\r\n	</li>\r\n</ul>\r\n\r\n<p><strong>Cấu tạo:</strong></p>\r\n\r\n<ul>\r\n	<li>Kệ v&agrave; tủ c&oacute; thể được thiết kế theo nhiều kiểu d&aacute;ng kh&aacute;c nhau, t&ugrave;y theo nhu cầu sử dụng.</li>\r\n	<li>Một số kiểu d&aacute;ng phổ biến bao gồm:\r\n	<ul>\r\n		<li><strong>Kệ đơn:</strong> Gồm nhiều tầng, mỗi tầng c&oacute; thể được chia th&agrave;nh nhiều ngăn nhỏ.</li>\r\n		<li><strong>Tủ c&oacute; c&aacute;nh:</strong> Gồm nhiều ngăn k&iacute;n, c&oacute; thể được trang bị cửa mở hoặc cửa trượt.</li>\r\n		<li><strong>Kệ kết hợp tủ:</strong> Kết hợp cả kệ v&agrave; tủ, gi&uacute;p tiết kiệm diện t&iacute;ch.</li>\r\n	</ul>\r\n	</li>\r\n</ul>\r\n','images (48).jpg',15000000,20,1,2),(124,23,'giá để đồ  nâu gỗ sang trọng lJ03',7000000,'<p><strong>K&iacute;ch thước:</strong></p>\r\n\r\n<ul>\r\n	<li>Chiều cao: 2,5m</li>\r\n	<li>Chiều d&agrave;i: 3m</li>\r\n	<li>Chiều rộng: 70cm</li>\r\n</ul>\r\n\r\n<p><strong>Chất liệu:</strong></p>\r\n\r\n<ul>\r\n	<li>Kệ v&agrave; tủ c&oacute; thể được l&agrave;m từ nhiều chất liệu kh&aacute;c nhau như gỗ tự nhi&ecirc;n (gỗ sồi, gỗ xoan đ&agrave;o, gỗ &oacute;c ch&oacute;, v.v.), gỗ c&ocirc;ng nghiệp (MDF, MFC, HDF, v.v.), nhựa, kim loại, v.v.</li>\r\n	<li>Mỗi chất liệu c&oacute; ưu v&agrave; nhược điểm ri&ecirc;ng.\r\n	<ul>\r\n		<li><strong>Gỗ tự nhi&ecirc;n:</strong> Bền đẹp, sang trọng, gi&aacute; th&agrave;nh cao.</li>\r\n		<li><strong>Gỗ c&ocirc;ng nghiệp:</strong> Gi&aacute; th&agrave;nh rẻ hơn gỗ tự nhi&ecirc;n, đa dạng về mẫu m&atilde; v&agrave; m&agrave;u sắc.</li>\r\n		<li><strong>Nhựa:</strong> Nhẹ, dễ di chuyển, gi&aacute; th&agrave;nh rẻ, nhưng kh&ocirc;ng bền bằng gỗ.</li>\r\n		<li><strong>Kim loại:</strong> Chắc chắn, bền bỉ, nhưng c&oacute; thể bị gỉ s&eacute;t nếu kh&ocirc;ng được bảo quản tốt.</li>\r\n	</ul>\r\n	</li>\r\n</ul>\r\n\r\n<p><strong>Cấu tạo:</strong></p>\r\n\r\n<ul>\r\n	<li>Kệ v&agrave; tủ c&oacute; thể được thiết kế theo nhiều kiểu d&aacute;ng kh&aacute;c nhau, t&ugrave;y theo nhu cầu sử dụng.</li>\r\n	<li>Một số kiểu d&aacute;ng phổ biến bao gồm:\r\n	<ul>\r\n		<li><strong>Kệ đơn:</strong> Gồm nhiều tầng, mỗi tầng c&oacute; thể được chia th&agrave;nh nhiều ngăn nhỏ.</li>\r\n		<li><strong>Tủ c&oacute; c&aacute;nh:</strong> Gồm nhiều ngăn k&iacute;n, c&oacute; thể được trang bị cửa mở hoặc cửa trượt.</li>\r\n		<li><strong>Kệ kết hợp tủ:</strong> Kết hợp cả kệ v&agrave; tủ, gi&uacute;p tiết kiệm diện t&iacute;ch.</li>\r\n	</ul>\r\n	</li>\r\n</ul>\r\n','images (49).jpg',9000000,15,1,2),(125,23,'Tủ màu gỗ nguyên bản',12700000,'<p><strong>K&iacute;ch thước:</strong></p>\r\n\r\n<ul>\r\n	<li>Chiều cao: 2,5m</li>\r\n	<li>Chiều d&agrave;i: 3m</li>\r\n	<li>Chiều rộng: 70cm</li>\r\n</ul>\r\n\r\n<p><strong>Chất liệu:</strong></p>\r\n\r\n<ul>\r\n	<li>Kệ v&agrave; tủ c&oacute; thể được l&agrave;m từ nhiều chất liệu kh&aacute;c nhau như gỗ tự nhi&ecirc;n (gỗ sồi, gỗ xoan đ&agrave;o, gỗ &oacute;c ch&oacute;, v.v.), gỗ c&ocirc;ng nghiệp (MDF, MFC, HDF, v.v.), nhựa, kim loại, v.v.</li>\r\n	<li>Kết hợp tủ k&iacute;nh, gi&aacute; trang tr&iacute; v&agrave; ngăn k&eacute;o</li>\r\n	<li>Mỗi chất liệu c&oacute; ưu v&agrave; nhược điểm ri&ecirc;ng.\r\n	<ul>\r\n		<li><strong>Gỗ tự nhi&ecirc;n:</strong> Bền đẹp, sang trọng, gi&aacute; th&agrave;nh cao.</li>\r\n		<li><strong>Gỗ c&ocirc;ng nghiệp:</strong> Gi&aacute; th&agrave;nh rẻ hơn gỗ tự nhi&ecirc;n, đa dạng về mẫu m&atilde; v&agrave; m&agrave;u sắc.</li>\r\n		<li><strong>Nhựa:</strong> Nhẹ, dễ di chuyển, gi&aacute; th&agrave;nh rẻ, nhưng kh&ocirc;ng bền bằng gỗ.</li>\r\n		<li><strong>Kim loại:</strong> Chắc chắn, bền bỉ, nhưng c&oacute; thể bị gỉ s&eacute;t nếu kh&ocirc;ng được bảo quản tốt.</li>\r\n	</ul>\r\n	</li>\r\n</ul>\r\n\r\n<p><strong>Cấu tạo:</strong></p>\r\n\r\n<ul>\r\n	<li>Kệ v&agrave; tủ c&oacute; thể được thiết kế theo nhiều kiểu d&aacute;ng kh&aacute;c nhau, t&ugrave;y theo nhu cầu sử dụng.</li>\r\n	<li>Một số kiểu d&aacute;ng phổ biến bao gồm:\r\n	<ul>\r\n		<li><strong>Kệ đơn:</strong> Gồm nhiều tầng, mỗi tầng c&oacute; thể được chia th&agrave;nh nhiều ngăn nhỏ.</li>\r\n		<li><strong>Tủ c&oacute; c&aacute;nh:</strong> Gồm nhiều ngăn k&iacute;n, c&oacute; thể được trang bị cửa mở hoặc cửa trượt.</li>\r\n		<li><strong>Kệ kết hợp tủ:</strong> Kết hợp cả kệ v&agrave; tủ, gi&uacute;p tiết kiệm diện t&iacute;ch.</li>\r\n	</ul>\r\n	</li>\r\n</ul>\r\n','images (54).jpg',15000000,45,1,2),(126,23,'kệ basic phong cách Trung hoa HK05',1100000,'<p><strong>C&ocirc;ng dụng:</strong></p>\r\n\r\n<ul>\r\n	<li>Kệ v&agrave; tủ được sử dụng để trưng b&agrave;y đồ đạc, s&aacute;ch vở, t&agrave;i liệu, v.v.</li>\r\n	<li>Kệ v&agrave; tủ cũng c&oacute; thể được sử dụng để cất giữ quần &aacute;o, chăn m&agrave;n, đồ d&ugrave;ng c&aacute; nh&acirc;n, v.v.</li>\r\n</ul>\r\n\r\n<p><strong>Ưu điểm:</strong></p>\r\n\r\n<ul>\r\n	<li>Kệ v&agrave; tủ gi&uacute;p tiết kiệm diện t&iacute;ch, tạo sự gọn g&agrave;ng cho kh&ocirc;ng gian.</li>\r\n	<li>Kệ v&agrave; tủ gi&uacute;p trưng b&agrave;y đồ đạc một c&aacute;ch đẹp mắt, tăng t&iacute;nh thẩm mỹ cho kh&ocirc;ng gian.</li>\r\n	<li>Kệ v&agrave; tủ gi&uacute;p cất giữ đồ đạc một c&aacute;ch an to&agrave;n, tr&aacute;nh bụi bẩn v&agrave; c&ocirc;n tr&ugrave;ng.</li>\r\n</ul>\r\n','images (55).jpg',15000000,10,1,2),(127,23,'giá để đồ gắn tường màu đen ph03',8000000,'<p><strong>C&ocirc;ng dụng:</strong></p>\r\n\r\n<ul>\r\n	<li>Kệ v&agrave; tủ được sử dụng để trưng b&agrave;y đồ đạc, s&aacute;ch vở, t&agrave;i liệu, v.v.</li>\r\n	<li>Kệ v&agrave; tủ cũng c&oacute; thể được sử dụng để cất giữ quần &aacute;o, chăn m&agrave;n, đồ d&ugrave;ng c&aacute; nh&acirc;n, v.v.</li>\r\n</ul>\r\n\r\n<p><strong>Ưu điểm:</strong></p>\r\n\r\n<ul>\r\n	<li>Kệ v&agrave; tủ gi&uacute;p tiết kiệm diện t&iacute;ch, tạo sự gọn g&agrave;ng cho kh&ocirc;ng gian.</li>\r\n	<li>Kệ v&agrave; tủ gi&uacute;p trưng b&agrave;y đồ đạc một c&aacute;ch đẹp mắt, tăng t&iacute;nh thẩm mỹ cho kh&ocirc;ng gian.</li>\r\n	<li>Kệ v&agrave; tủ gi&uacute;p cất giữ đồ đạc một c&aacute;ch an to&agrave;n, tr&aacute;nh bụi bẩn v&agrave; c&ocirc;n tr&ugrave;ng.</li>\r\n</ul>\r\n','images (56).jpg',10000000,10,1,2),(128,23,'giá để đồ văn phòng, phòng khách Y78',7000000,'<p><strong>C&ocirc;ng dụng:</strong></p>\r\n\r\n<ul>\r\n	<li>Kệ v&agrave; tủ được sử dụng để trưng b&agrave;y đồ đạc, s&aacute;ch vở, t&agrave;i liệu, v.v.</li>\r\n	<li>Kệ v&agrave; tủ cũng c&oacute; thể được sử dụng để cất giữ quần &aacute;o, chăn m&agrave;n, đồ d&ugrave;ng c&aacute; nh&acirc;n, v.v.</li>\r\n</ul>\r\n\r\n<p><strong>Ưu điểm:</strong></p>\r\n\r\n<ul>\r\n	<li>Kệ v&agrave; tủ gi&uacute;p tiết kiệm diện t&iacute;ch, tạo sự gọn g&agrave;ng cho kh&ocirc;ng gian.</li>\r\n	<li>Kệ v&agrave; tủ gi&uacute;p trưng b&agrave;y đồ đạc một c&aacute;ch đẹp mắt, tăng t&iacute;nh thẩm mỹ cho kh&ocirc;ng gian.</li>\r\n	<li>Kệ v&agrave; tủ gi&uacute;p cất giữ đồ đạc một c&aacute;ch an to&agrave;n, tr&aacute;nh bụi bẩn v&agrave; c&ocirc;n tr&ugrave;ng.</li>\r\n</ul>\r\n','images (58).jpg',9000000,15,1,1),(129,23,'Kệ để đồ phổ biến U68',11000000,'<p><strong>C&ocirc;ng dụng:</strong></p>\r\n\r\n<ul>\r\n	<li>Kệ v&agrave; tủ được sử dụng để trưng b&agrave;y đồ đạc, s&aacute;ch vở, t&agrave;i liệu, v.v.</li>\r\n	<li>Kệ v&agrave; tủ cũng c&oacute; thể được sử dụng để cất giữ quần &aacute;o, chăn m&agrave;n, đồ d&ugrave;ng c&aacute; nh&acirc;n, v.v.</li>\r\n</ul>\r\n\r\n<p><strong>Ưu điểm:</strong></p>\r\n\r\n<ul>\r\n	<li>Kệ v&agrave; tủ gi&uacute;p tiết kiệm diện t&iacute;ch, tạo sự gọn g&agrave;ng cho kh&ocirc;ng gian.</li>\r\n	<li>Kệ v&agrave; tủ gi&uacute;p trưng b&agrave;y đồ đạc một c&aacute;ch đẹp mắt, tăng t&iacute;nh thẩm mỹ cho kh&ocirc;ng gian.</li>\r\n	<li>Kệ v&agrave; tủ gi&uacute;p cất giữ đồ đạc một c&aacute;ch an to&agrave;n, tr&aacute;nh bụi bẩn v&agrave; c&ocirc;n tr&ugrave;ng.</li>\r\n</ul>\r\n','táº£i xuá»ng (4).jpg',17000000,15,1,1),(130,23,'kệ để đồ hiện đại NG70',13000000,'<p><strong>C&ocirc;ng dụng:</strong></p>\r\n\r\n<ul>\r\n	<li>Kệ v&agrave; tủ được sử dụng để trưng b&agrave;y đồ đạc, s&aacute;ch vở, t&agrave;i liệu, v.v.</li>\r\n	<li>Kệ v&agrave; tủ cũng c&oacute; thể được sử dụng để cất giữ quần &aacute;o, chăn m&agrave;n, đồ d&ugrave;ng c&aacute; nh&acirc;n, v.v.</li>\r\n</ul>\r\n\r\n<p><strong>Ưu điểm:</strong></p>\r\n\r\n<ul>\r\n	<li>Kệ v&agrave; tủ gi&uacute;p tiết kiệm diện t&iacute;ch, tạo sự gọn g&agrave;ng cho kh&ocirc;ng gian.</li>\r\n	<li>Kệ v&agrave; tủ gi&uacute;p trưng b&agrave;y đồ đạc một c&aacute;ch đẹp mắt, tăng t&iacute;nh thẩm mỹ cho kh&ocirc;ng gian.</li>\r\n	<li>Kệ v&agrave; tủ gi&uacute;p cất giữ đồ đạc một c&aacute;ch an to&agrave;n, tr&aacute;nh bụi bẩn v&agrave; c&ocirc;n tr&ugrave;ng.</li>\r\n</ul>\r\n','táº£i xuá»ng (6).jpg',15000000,10,1,1),(131,23,'Kệ đồ phong cách nhẹ nhàng thanh lịch K33 ',14700000,'<p><strong>C&ocirc;ng dụng:</strong></p>\r\n\r\n<ul>\r\n	<li>Kệ v&agrave; tủ được sử dụng để trưng b&agrave;y đồ đạc, s&aacute;ch vở, t&agrave;i liệu, v.v.</li>\r\n	<li>Kệ v&agrave; tủ cũng c&oacute; thể được sử dụng để cất giữ quần &aacute;o, chăn m&agrave;n, đồ d&ugrave;ng c&aacute; nh&acirc;n, v.v.</li>\r\n</ul>\r\n\r\n<p><strong>Ưu điểm:</strong></p>\r\n\r\n<ul>\r\n	<li>Kệ v&agrave; tủ gi&uacute;p tiết kiệm diện t&iacute;ch, tạo sự gọn g&agrave;ng cho kh&ocirc;ng gian.</li>\r\n	<li>Kệ v&agrave; tủ gi&uacute;p trưng b&agrave;y đồ đạc một c&aacute;ch đẹp mắt, tăng t&iacute;nh thẩm mỹ cho kh&ocirc;ng gian.</li>\r\n	<li>Kệ v&agrave; tủ gi&uacute;p cất giữ đồ đạc một c&aacute;ch an to&agrave;n, tr&aacute;nh bụi bẩn v&agrave; c&ocirc;n tr&ugrave;ng.</li>\r\n</ul>\r\n','táº£i xuá»ng (7).jpg',15000000,15,1,1),(132,23,'Tủ ti vi basic phổ biến kL5',6500000,'<p><strong>C&ocirc;ng dụng:</strong></p>\r\n\r\n<ul>\r\n	<li>Kệ v&agrave; tủ được sử dụng để trưng b&agrave;y đồ đạc, s&aacute;ch vở, t&agrave;i liệu, v.v.</li>\r\n	<li>Kệ v&agrave; tủ cũng c&oacute; thể được sử dụng để cất giữ quần &aacute;o, chăn m&agrave;n, đồ d&ugrave;ng c&aacute; nh&acirc;n, v.v.</li>\r\n</ul>\r\n\r\n<p><strong>Ưu điểm:</strong></p>\r\n\r\n<ul>\r\n	<li>Kệ v&agrave; tủ gi&uacute;p tiết kiệm diện t&iacute;ch, tạo sự gọn g&agrave;ng cho kh&ocirc;ng gian.</li>\r\n	<li>Kệ v&agrave; tủ gi&uacute;p trưng b&agrave;y đồ đạc một c&aacute;ch đẹp mắt, tăng t&iacute;nh thẩm mỹ cho kh&ocirc;ng gian.</li>\r\n	<li>Kệ v&agrave; tủ gi&uacute;p cất giữ đồ đạc một c&aacute;ch an to&agrave;n, tr&aacute;nh bụi bẩn v&agrave; c&ocirc;n tr&ugrave;ng.</li>\r\n</ul>\r\n','táº£i xuá»ng (9).jpg',7000000,10,1,1),(133,5,'Bộ tranh treo tường phong cách nghệ thuật cách điệu M01',570000,'<p>&ndash; C&ocirc;ng nghệ in Uv in trực tiếp l&ecirc;n mica, mực Uv Mỹ.<br />\r\n&ndash; Bề mặt tranh được phủ th&ecirc;m 1 lớp nhựa epoxy b&oacute;ng si&ecirc;u n&eacute;t.<br />\r\n&ndash; Mặt sau được đỡ th&ecirc;m tấm fomex d&agrave;y 8mm,<br />\r\n&ndash; Đ&oacute;ng khung tranh composite: trắng, đen, v&agrave;ng</p>\r\n','táº£i xuá»ng (11).jpg',700000,0,0,1),(134,5,'tranh mã đáo thành công N1',1200000,'<p>Bức tranh &quot;M&atilde; đ&aacute;o th&agrave;nh c&ocirc;ng&quot; l&agrave; một t&aacute;c phẩm nghệ thuật hiện đại của họa sĩ Nguyễn Gia Tr&iacute;. Tranh vẽ một đ&agrave;n ngựa chạy&nbsp;tr&ecirc;n mặt nước, với những c&aacute;nh hoa mỏng manh v&agrave; m&agrave;u sắc tươi s&aacute;ng. Bức tranh sử dụng gam m&agrave;u n&oacute;ng chủ đạo, tạo cảm gi&aacute;c ấm &aacute;p v&agrave; rực rỡ. Bố cục tranh đơn giản, tập trung v&agrave;o h&igrave;nh ảnh b&ocirc;ng hoa sen ở ch&iacute;nh giữa. Kỹ thuật vẽ tranh đi&ecirc;u luyện, với những n&eacute;t cọ mềm mại v&agrave; tinh tế.</p>\r\n','SNO-24579.jpg',1500000,8,1,1),(135,5,'tranh treo tường trang trí nhà đẹp A27',450000,'<p>Bức tranh &quot;Sen hồng&quot; mang gi&aacute; trị nghệ thuật cao. Bức tranh thể hiện vẻ đẹp thanh tao v&agrave; tinh khiết của hoa sen, một biểu tượng của văn h&oacute;a Việt Nam. Bức tranh cũng thể hiện sự lạc quan v&agrave; y&ecirc;u đời của t&aacute;c giả</p>\r\n','tranh-treo-tuong-trang-tri-nha-dep-8.jpg',500000,20,1,1),(136,5,'tranh trang trí phòng khách siêu đẹp Nv3',600000,'<p>Bộ tranh trang tr&iacute; họa tiết rẻ quạt&nbsp;</p>\r\n','tranh-trang-tri-phong-khach-dep.webp',750000,13,1,1);
/*!40000 ALTER TABLE `detail_product` ENABLE KEYS */;
UNLOCK TABLES;

--
-- Table structure for table `favorite`
--

DROP TABLE IF EXISTS `favorite`;
/*!40101 SET @saved_cs_client     = @@character_set_client */;
/*!50503 SET character_set_client = utf8mb4 */;
CREATE TABLE `favorite` (
  `favorite_id` int NOT NULL AUTO_INCREMENT,
  `account_id` int DEFAULT NULL,
  `product_id` int DEFAULT NULL,
  `create_at` timestamp NULL DEFAULT CURRENT_TIMESTAMP,
  PRIMARY KEY (`favorite_id`),
  KEY `account_id_idx` (`account_id`),
  KEY `product_id_idx` (`product_id`),
  CONSTRAINT `account_id` FOREIGN KEY (`account_id`) REFERENCES `account` (`account_id`),
  CONSTRAINT `product_id` FOREIGN KEY (`product_id`) REFERENCES `detail_product` (`product_id`)
) ENGINE=InnoDB AUTO_INCREMENT=42 DEFAULT CHARSET=utf8mb4 COLLATE=utf8mb4_0900_ai_ci;
/*!40101 SET character_set_client = @saved_cs_client */;

--
-- Dumping data for table `favorite`
--

LOCK TABLES `favorite` WRITE;
/*!40000 ALTER TABLE `favorite` DISABLE KEYS */;
INSERT INTO `favorite` VALUES (28,6,4,'2024-05-28 19:02:49'),(30,1,4,'2024-05-29 01:26:32'),(31,NULL,4,'2024-05-29 02:02:22'),(32,NULL,4,'2024-05-29 02:02:44'),(33,NULL,4,'2024-05-29 02:02:49'),(37,5,5,'2024-05-30 06:08:41'),(41,5,6,'2024-06-07 09:52:12');
/*!40000 ALTER TABLE `favorite` ENABLE KEYS */;
UNLOCK TABLES;

--
-- Table structure for table `gift`
--

DROP TABLE IF EXISTS `gift`;
/*!40101 SET @saved_cs_client     = @@character_set_client */;
/*!50503 SET character_set_client = utf8mb4 */;
CREATE TABLE `gift` (
  `gift_id` int NOT NULL AUTO_INCREMENT,
  `gift_name` varchar(255) NOT NULL,
  `description` text,
  `value` decimal(10,2) NOT NULL,
  PRIMARY KEY (`gift_id`)
) ENGINE=InnoDB DEFAULT CHARSET=utf8mb4 COLLATE=utf8mb4_0900_ai_ci;
/*!40101 SET character_set_client = @saved_cs_client */;

--
-- Dumping data for table `gift`
--

LOCK TABLES `gift` WRITE;
/*!40000 ALTER TABLE `gift` DISABLE KEYS */;
/*!40000 ALTER TABLE `gift` ENABLE KEYS */;
UNLOCK TABLES;

--
-- Table structure for table `news`
--

DROP TABLE IF EXISTS `news`;
/*!40101 SET @saved_cs_client     = @@character_set_client */;
/*!50503 SET character_set_client = utf8mb4 */;
CREATE TABLE `news` (
  `new_id` int NOT NULL AUTO_INCREMENT,
  `title` varchar(255) NOT NULL,
  `content` text,
  `upload_date` datetime DEFAULT NULL,
  `image` varchar(255) DEFAULT NULL,
  PRIMARY KEY (`new_id`)
) ENGINE=InnoDB AUTO_INCREMENT=20 DEFAULT CHARSET=utf8mb4 COLLATE=utf8mb4_0900_ai_ci;
/*!40101 SET character_set_client = @saved_cs_client */;

--
-- Dumping data for table `news`
--

LOCK TABLES `news` WRITE;
/*!40000 ALTER TABLE `news` DISABLE KEYS */;
INSERT INTO `news` VALUES (1,'Xu hướng nội thất mới nhất cho năm 2024 và hơn thế nữa','<p>Năm 2024 đ&aacute;nh dấu sự trở lại của những xu hướng nội thất mang t&iacute;nh đột ph&aacute;, kết hợp giữa sự sang trọng v&agrave; tiện nghi. Nếu bạn đang t&igrave;m kiếm &yacute; tưởng để l&agrave;m mới kh&ocirc;ng gian sống của m&igrave;nh, h&atilde;y c&ugrave;ng kh&aacute;m ph&aacute; những xu hướng nội thất mới nhất dưới đ&acirc;y.</p>\r\n\r\n<h3>1. C&aacute;c Xu Hướng Nội Thất Mới Nhất</h3>\r\n\r\n<p><strong>Thiết Kế Bền Vững (Sustainable Design)</strong></p>\r\n\r\n<p>Xu hướng thiết kế bền vững kh&ocirc;ng chỉ đơn thuần l&agrave; việc sử dụng vật liệu th&acirc;n thiện với m&ocirc;i trường, m&agrave; c&ograve;n l&agrave; sự ch&uacute; trọng v&agrave;o tuổi thọ v&agrave; khả năng t&aacute;i sử dụng của sản phẩm. C&aacute;c nh&agrave; thiết kế đang ưu ti&ecirc;n c&aacute;c loại gỗ t&aacute;i chế, vải hữu cơ v&agrave; sơn kh&ocirc;ng chứa chất độc hại. Mục ti&ecirc;u l&agrave; tạo ra kh&ocirc;ng gian sống vừa đẹp, vừa bảo vệ m&ocirc;i trường.</p>\r\n\r\n<p><strong>C&ocirc;ng Nghệ Th&ocirc;ng Minh (Smart Home Integration)</strong></p>\r\n\r\n<p>Nh&agrave; th&ocirc;ng minh tiếp tục l&agrave; xu hướng nổi bật với sự t&iacute;ch hợp c&ocirc;ng nghệ v&agrave;o nội thất. Đ&egrave;n chiếu s&aacute;ng tự động, r&egrave;m cửa điều khiển từ xa v&agrave; c&aacute;c thiết bị gia dụng kết nối Internet gi&uacute;p tối ưu h&oacute;a cuộc sống h&agrave;ng ng&agrave;y. C&aacute;c sản phẩm nội thất th&ocirc;ng minh kh&ocirc;ng chỉ tiện lợi m&agrave; c&ograve;n tăng t&iacute;nh thẩm mỹ cho kh&ocirc;ng gian sống.</p>\r\n\r\n<p><strong>Phong C&aacute;ch Retro v&agrave; Vintage</strong></p>\r\n\r\n<p>Sự trở lại của phong c&aacute;ch retro v&agrave; vintage mang đến cảm gi&aacute;c ho&agrave;i cổ, ấm c&uacute;ng. Những m&oacute;n đồ nội thất mang dấu ấn của thập ni&ecirc;n 60, 70 với m&agrave;u sắc tươi s&aacute;ng, hoa văn bắt mắt đang trở n&ecirc;n phổ biến. Kết hợp giữa đồ nội thất hiện đại v&agrave; một v&agrave;i chi tiết vintage sẽ tạo n&ecirc;n kh&ocirc;ng gian độc đ&aacute;o v&agrave; th&uacute; vị.</p>\r\n\r\n<h3>2. Phong C&aacute;ch Trang Tr&iacute; Nội Thất Đang Thịnh H&agrave;nh</h3>\r\n\r\n<p><strong>Minimalism (Phong C&aacute;ch Tối Giản)</strong></p>\r\n\r\n<p>Phong c&aacute;ch tối giản tiếp tục được ưa chuộng nhờ sự tinh tế v&agrave; gọn g&agrave;ng m&agrave; n&oacute; mang lại. Kh&ocirc;ng gian sống theo phong c&aacute;ch n&agrave;y thường sử dụng m&agrave;u sắc trung t&iacute;nh, đường n&eacute;t sạch sẽ v&agrave; tối giản h&oacute;a c&aacute;c chi tiết trang tr&iacute;. Mục ti&ecirc;u l&agrave; tạo ra kh&ocirc;ng gian mở, tho&aacute;ng đ&atilde;ng v&agrave; dễ chịu.</p>\r\n\r\n<p><strong>Biophilic Design (Thiết Kế Gần Gũi Với Thi&ecirc;n Nhi&ecirc;n)</strong></p>\r\n\r\n<p>Thiết kế gần gũi với thi&ecirc;n nhi&ecirc;n l&agrave; sự kết hợp giữa kh&ocirc;ng gian sống v&agrave; yếu tố tự nhi&ecirc;n như c&acirc;y xanh, &aacute;nh s&aacute;ng tự nhi&ecirc;n v&agrave; vật liệu hữu cơ. Phong c&aacute;ch n&agrave;y kh&ocirc;ng chỉ gi&uacute;p cải thiện sức khỏe tinh thần m&agrave; c&ograve;n tạo ra m&ocirc;i trường sống trong l&agrave;nh v&agrave; thư gi&atilde;n.</p>\r\n\r\n<p><strong>Scandinavian (Phong C&aacute;ch Bắc &Acirc;u)</strong></p>\r\n\r\n<p>Phong c&aacute;ch Bắc &Acirc;u vẫn duy tr&igrave; sự hấp dẫn nhờ v&agrave;o sự đơn giản, tinh tế v&agrave; c&ocirc;ng năng của n&oacute;. Với t&ocirc;ng m&agrave;u trắng chủ đạo, gỗ s&aacute;ng m&agrave;u v&agrave; c&aacute;c chi tiết trang tr&iacute; tinh tế, phong c&aacute;ch Scandinavian tạo n&ecirc;n kh&ocirc;ng gian sống hiện đại, ấm c&uacute;ng v&agrave; thoải m&aacute;i.</p>\r\n\r\n<h3>3. M&agrave;u Sắc v&agrave; Chất Liệu Phổ Biến</h3>\r\n\r\n<p><strong>M&agrave;u Sắc Phổ Biến</strong></p>\r\n\r\n<ul>\r\n	<li><strong>M&agrave;u Xanh L&aacute; C&acirc;y</strong>: Được coi l&agrave; m&agrave;u của sự sống v&agrave; sự tươi mới, xanh l&aacute; c&acirc;y đang trở th&agrave;nh xu hướng chủ đạo trong thiết kế nội thất. Từ m&agrave;u xanh r&ecirc;u đậm đến xanh l&aacute; c&acirc;y nhạt, tất cả đều mang lại cảm gi&aacute;c b&igrave;nh y&ecirc;n v&agrave; gần gũi với thi&ecirc;n nhi&ecirc;n.</li>\r\n	<li><strong>M&agrave;u Đất</strong>: C&aacute;c t&ocirc;ng m&agrave;u n&acirc;u, be, v&agrave; x&aacute;m lấy cảm hứng từ thi&ecirc;n nhi&ecirc;n đang được ưa chuộng. Ch&uacute;ng tạo ra kh&ocirc;ng gian ấm &aacute;p, dễ chịu v&agrave; mời gọi.</li>\r\n	<li><strong>M&agrave;u Xanh Navy</strong>: Sang trọng v&agrave; tinh tế, xanh navy l&agrave; lựa chọn ho&agrave;n hảo cho c&aacute;c chi tiết nội thất hoặc tường tạo điểm nhấn.</li>\r\n</ul>\r\n\r\n<p><strong>Chất Liệu Phổ Biến</strong></p>\r\n\r\n<ul>\r\n	<li><strong>Gỗ Tự Nhi&ecirc;n</strong>: Gỗ vẫn lu&ocirc;n l&agrave; vật liệu y&ecirc;u th&iacute;ch trong thiết kế nội thất nhờ v&agrave;o sự ấm &aacute;p v&agrave; tự nhi&ecirc;n m&agrave; n&oacute; mang lại. C&aacute;c loại gỗ t&aacute;i chế v&agrave; gỗ nguy&ecirc;n khối đang được sử dụng rộng r&atilde;i.</li>\r\n	<li><strong>Kim Loại</strong>: C&aacute;c chi tiết kim loại như đồng, v&agrave;ng, v&agrave; th&eacute;p kh&ocirc;ng gỉ được sử dụng để th&ecirc;m phần sang trọng v&agrave; hiện đại cho kh&ocirc;ng gian.</li>\r\n	<li><strong>Vải Tự Nhi&ecirc;n</strong>: C&aacute;c loại vải từ b&ocirc;ng, lanh v&agrave; len kh&ocirc;ng chỉ th&acirc;n thiện với m&ocirc;i trường m&agrave; c&ograve;n tạo cảm gi&aacute;c mềm mại, thoải m&aacute;i.</li>\r\n</ul>\r\n\r\n<p>Xu hướng nội thất năm 2024 mang đến sự đa dạng v&agrave; phong ph&uacute;, từ sự bền vững, th&ocirc;ng minh đến c&aacute;c phong c&aacute;ch trang tr&iacute; mang t&iacute;nh c&aacute; nh&acirc;n cao. H&atilde;y lựa chọn những &yacute; tưởng ph&ugrave; hợp để tạo n&ecirc;n kh&ocirc;ng gian sống l&yacute; tưởng, phản &aacute;nh phong c&aacute;ch v&agrave; c&aacute; t&iacute;nh của bạn.</p>\r\n','2024-06-08 15:29:00','post-1.jpg'),(2,'Hướng Dẫn và Mẹo Vặt Trong Lựa Chọn và Bảo Quản Đồ Nội Thất','<p>Việc lựa chọn, bảo quản v&agrave; bố tr&iacute; đồ nội thất l&agrave; một trong những yếu tố quan trọng để tạo n&ecirc;n kh&ocirc;ng gian sống thoải m&aacute;i v&agrave; tiện nghi. Dưới đ&acirc;y l&agrave; một số hướng dẫn v&agrave; mẹo vặt hữu &iacute;ch để bạn tham khảo.</p>\r\n\r\n<h3>1. Hướng Dẫn Lựa Chọn Đồ Nội Thất Ph&ugrave; Hợp Cho Từng Kh&ocirc;ng Gian</h3>\r\n\r\n<p><strong>Ph&ograve;ng Kh&aacute;ch</strong></p>\r\n\r\n<ul>\r\n	<li><strong>K&iacute;ch Thước Đồ Nội Thất</strong>: Đảm bảo đồ nội thất kh&ocirc;ng qu&aacute; lớn hoặc qu&aacute; nhỏ so với diện t&iacute;ch ph&ograve;ng. V&iacute; dụ, nếu ph&ograve;ng kh&aacute;ch nhỏ, bạn n&ecirc;n chọn sofa c&oacute; k&iacute;ch thước vừa phải, b&agrave;n tr&agrave; nhỏ gọn.</li>\r\n	<li><strong>Phong C&aacute;ch</strong>: Lựa chọn phong c&aacute;ch nội thất ph&ugrave; hợp với phong c&aacute;ch tổng thể của ng&ocirc;i nh&agrave;. Một ph&ograve;ng kh&aacute;ch hiện đại sẽ th&iacute;ch hợp với những m&oacute;n đồ nội thất c&oacute; đường n&eacute;t tối giản, m&agrave;u sắc trung t&iacute;nh.</li>\r\n	<li><strong>Chức Năng</strong>: Chọn đồ nội thất c&oacute; t&iacute;nh đa năng như sofa giường, b&agrave;n tr&agrave; c&oacute; ngăn k&eacute;o để tăng cường t&iacute;nh tiện &iacute;ch.</li>\r\n</ul>\r\n\r\n<p><strong>Ph&ograve;ng Ngủ</strong></p>\r\n\r\n<ul>\r\n	<li><strong>Giường Ngủ</strong>: Chọn giường c&oacute; k&iacute;ch thước ph&ugrave; hợp với diện t&iacute;ch ph&ograve;ng v&agrave; nhu cầu sử dụng. Giường c&oacute; ngăn k&eacute;o b&ecirc;n dưới gi&uacute;p tận dụng kh&ocirc;ng gian lưu trữ.</li>\r\n	<li><strong>Tủ Quần &Aacute;o</strong>: Tủ quần &aacute;o n&ecirc;n c&oacute; thiết kế tiện dụng với nhiều ngăn k&eacute;o v&agrave; kệ để dễ d&agrave;ng sắp xếp đồ.</li>\r\n	<li><strong>B&agrave;n Trang Điểm</strong>: Nếu kh&ocirc;ng gian cho ph&eacute;p, một chiếc b&agrave;n trang điểm nhỏ gọn sẽ l&agrave; điểm nhấn ho&agrave;n hảo cho ph&ograve;ng ngủ.</li>\r\n</ul>\r\n\r\n<p><strong>Ph&ograve;ng Bếp</strong></p>\r\n\r\n<ul>\r\n	<li><strong>Tủ Bếp</strong>: Chọn tủ bếp c&oacute; nhiều ngăn k&eacute;o v&agrave; kệ để tối ưu h&oacute;a kh&ocirc;ng gian lưu trữ. Vật liệu chịu nước v&agrave; dễ lau ch&ugrave;i l&agrave; lựa chọn l&yacute; tưởng.</li>\r\n	<li><strong>B&agrave;n Ăn</strong>: K&iacute;ch thước b&agrave;n ăn n&ecirc;n tương ứng với số lượng th&agrave;nh vi&ecirc;n trong gia đ&igrave;nh v&agrave; diện t&iacute;ch ph&ograve;ng bếp.</li>\r\n	<li><strong>Thiết Bị Gia Dụng</strong>: N&ecirc;n chọn c&aacute;c thiết bị gia dụng hiện đại, tiết kiệm năng lượng v&agrave; ph&ugrave; hợp với kh&ocirc;ng gian bếp.</li>\r\n</ul>\r\n\r\n<p><strong>Ph&ograve;ng L&agrave;m Việc</strong></p>\r\n\r\n<ul>\r\n	<li><strong>B&agrave;n L&agrave;m Việc</strong>: Chọn b&agrave;n l&agrave;m việc c&oacute; k&iacute;ch thước vừa đủ, với nhiều ngăn k&eacute;o v&agrave; kệ để t&agrave;i liệu.</li>\r\n	<li><strong>Ghế Ngồi</strong>: Ghế ngồi phải thoải m&aacute;i, hỗ trợ tốt cho lưng v&agrave; c&oacute; thể điều chỉnh độ cao.</li>\r\n	<li><strong>&Aacute;nh S&aacute;ng</strong>: Đảm bảo ph&ograve;ng l&agrave;m việc c&oacute; đủ &aacute;nh s&aacute;ng tự nhi&ecirc;n, nếu kh&ocirc;ng th&igrave; sử dụng đ&egrave;n b&agrave;n c&oacute; &aacute;nh s&aacute;ng trắng.</li>\r\n</ul>\r\n\r\n<h3>2. Mẹo Bảo Quản v&agrave; Vệ Sinh Đồ Nội Thất</h3>\r\n\r\n<p><strong>Bảo Quản Đồ Gỗ</strong></p>\r\n\r\n<ul>\r\n	<li><strong>Tr&aacute;nh Ẩm Ướt</strong>: Đồ gỗ n&ecirc;n được đặt ở nơi kh&ocirc; r&aacute;o, tr&aacute;nh tiếp x&uacute;c trực tiếp với nước. Sử dụng khăn mềm để lau bụi thường xuy&ecirc;n.</li>\r\n	<li><strong>Bảo Vệ Bề Mặt</strong>: Sử dụng dầu b&oacute;ng hoặc s&aacute;p bảo vệ bề mặt gỗ khỏi trầy xước v&agrave; giữ cho gỗ lu&ocirc;n s&aacute;ng b&oacute;ng.</li>\r\n</ul>\r\n\r\n<p><strong>Bảo Quản Đồ Da</strong></p>\r\n\r\n<ul>\r\n	<li><strong>Lau Ch&ugrave;i Định Kỳ</strong>: Sử dụng khăn ẩm để lau sạch bụi bẩn, sau đ&oacute; lau kh&ocirc; bằng khăn mềm. Tr&aacute;nh d&ugrave;ng c&aacute;c chất tẩy rửa mạnh.</li>\r\n	<li><strong>Tr&aacute;nh &Aacute;nh Nắng Trực Tiếp</strong>: Đồ da n&ecirc;n tr&aacute;nh tiếp x&uacute;c trực tiếp với &aacute;nh nắng mặt trời để tr&aacute;nh bị phai m&agrave;u v&agrave; nứt nẻ.</li>\r\n</ul>\r\n\r\n<p><strong>Bảo Quản Đồ Vải</strong></p>\r\n\r\n<ul>\r\n	<li><strong>H&uacute;t Bụi Thường Xuy&ecirc;n</strong>: Sử dụng m&aacute;y h&uacute;t bụi để loại bỏ bụi bẩn v&agrave; l&ocirc;ng th&uacute; cưng.</li>\r\n	<li><strong>Giặt Đ&uacute;ng C&aacute;ch</strong>: Với c&aacute;c loại vải c&oacute; thể th&aacute;o rời, h&atilde;y giặt theo hướng dẫn của nh&agrave; sản xuất để tr&aacute;nh bị co r&uacute;t v&agrave; mất m&agrave;u.</li>\r\n</ul>\r\n\r\n<h3>3. C&aacute;ch Bố Tr&iacute; Nội Thất Để Tối Ưu Kh&ocirc;ng Gian</h3>\r\n\r\n<p><strong>Sử Dụng Gương</strong></p>\r\n\r\n<ul>\r\n	<li><strong>Phản Chiếu &Aacute;nh S&aacute;ng</strong>: Đặt gương ở c&aacute;c vị tr&iacute; ph&ugrave; hợp để phản chiếu &aacute;nh s&aacute;ng tự nhi&ecirc;n, gi&uacute;p kh&ocirc;ng gian tr&ocirc;ng rộng r&atilde;i hơn.</li>\r\n	<li><strong>Tạo Chiều S&acirc;u</strong>: Sử dụng gương lớn để tạo cảm gi&aacute;c chiều s&acirc;u cho kh&ocirc;ng gian.</li>\r\n</ul>\r\n\r\n<p><strong>Chọn Đồ Nội Thất Đa Năng</strong></p>\r\n\r\n<ul>\r\n	<li><strong>Sofa Giường</strong>: Sử dụng sofa giường để tiết kiệm kh&ocirc;ng gian v&agrave; tạo th&ecirc;m chỗ ngủ cho kh&aacute;ch.</li>\r\n	<li><strong>B&agrave;n Gấp</strong>: B&agrave;n ăn hoặc b&agrave;n l&agrave;m việc c&oacute; thể gấp gọn khi kh&ocirc;ng sử dụng sẽ gi&uacute;p kh&ocirc;ng gian trở n&ecirc;n linh hoạt hơn.</li>\r\n</ul>\r\n\r\n<p><strong>Tận Dụng G&oacute;c Chết</strong></p>\r\n\r\n<ul>\r\n	<li><strong>Kệ G&oacute;c</strong>: Đặt c&aacute;c kệ g&oacute;c để tận dụng kh&ocirc;ng gian chết trong ph&ograve;ng.</li>\r\n	<li><strong>Tủ Kệ Cao</strong>: Sử dụng tủ kệ cao s&aacute;t trần để tăng kh&ocirc;ng gian lưu trữ m&agrave; kh&ocirc;ng chiếm diện t&iacute;ch s&agrave;n.</li>\r\n</ul>\r\n\r\n<p><strong>Sử Dụng M&agrave;u Sắc Th&ocirc;ng Minh</strong></p>\r\n\r\n<ul>\r\n	<li><strong>M&agrave;u S&aacute;ng</strong>: Sử dụng m&agrave;u s&aacute;ng cho tường v&agrave; trần nh&agrave; để tạo cảm gi&aacute;c kh&ocirc;ng gian rộng r&atilde;i.</li>\r\n	<li><strong>M&agrave;u Đồng Nhất</strong>: Chọn m&agrave;u đồng nhất cho đồ nội thất v&agrave; tường để tr&aacute;nh sự ph&acirc;n t&aacute;ch kh&ocirc;ng gian r&otilde; rệt.</li>\r\n</ul>\r\n\r\n<p>Với những hướng dẫn v&agrave; mẹo vặt tr&ecirc;n, hy vọng bạn sẽ dễ d&agrave;ng hơn trong việc lựa chọn, bảo quản v&agrave; bố tr&iacute; đồ nội thất để tạo n&ecirc;n một kh&ocirc;ng gian sống l&yacute; tưởng.</p>\r\n\r\n<p>&nbsp;</p>\r\n\r\n<p>&nbsp;</p>\r\n\r\n<p>&nbsp;</p>\r\n\r\n<p>&nbsp;</p>\r\n\r\n<p>4o</p>\r\n','2024-06-08 15:30:00','post-2.jpg'),(3,'Dự Án Thiết Kế và Thi Công Nội Thất: Câu Chuyện Thành Công và Cải Tạo Ấn Tượng','<p>Trong qu&aacute; tr&igrave;nh thiết kế v&agrave; thi c&ocirc;ng nội thất, mỗi dự &aacute;n đều l&agrave; một h&agrave;nh tr&igrave;nh độc đ&aacute;o, mang đến những kh&ocirc;ng gian sống đầy cảm hứng v&agrave; chức năng cho kh&aacute;ch h&agrave;ng. Dưới đ&acirc;y l&agrave; những dự &aacute;n nổi bật m&agrave; ch&uacute;ng t&ocirc;i đ&atilde; thực hiện, c&ugrave;ng với c&acirc;u chuyện th&agrave;nh c&ocirc;ng v&agrave; h&igrave;nh ảnh trước v&agrave; sau khi cải tạo.</p>\r\n\r\n<h3>1. Dự &Aacute;n Thiết Kế v&agrave; Thi C&ocirc;ng Nội Thất Đ&atilde; Ho&agrave;n Th&agrave;nh</h3>\r\n\r\n<p><strong>Dự &Aacute;n Căn Hộ Cao Cấp tại Quận 7, TP.HCM</strong></p>\r\n\r\n<ul>\r\n	<li><strong>Kh&aacute;ch H&agrave;ng</strong>: Gia đ&igrave;nh chị Hoa</li>\r\n	<li><strong>Y&ecirc;u Cầu</strong>: Thiết kế nội thất hiện đại, tối ưu h&oacute;a kh&ocirc;ng gian sống v&agrave; tăng cường &aacute;nh s&aacute;ng tự nhi&ecirc;n.</li>\r\n	<li><strong>Giải Ph&aacute;p</strong>: Sử dụng phong c&aacute;ch thiết kế tối giản với t&ocirc;ng m&agrave;u trung t&iacute;nh. C&aacute;c bức tường ngăn được thay thế bằng k&iacute;nh để tạo cảm gi&aacute;c rộng r&atilde;i v&agrave; th&ocirc;ng tho&aacute;ng. Nội thất được chọn lọc kỹ lưỡng với c&aacute;c chi tiết kim loại v&agrave; gỗ tự nhi&ecirc;n.</li>\r\n	<li><strong>Kết Quả</strong>: Sau khi ho&agrave;n th&agrave;nh, căn hộ kh&ocirc;ng chỉ trở n&ecirc;n sang trọng v&agrave; hiện đại m&agrave; c&ograve;n tr&agrave;n ngập &aacute;nh s&aacute;ng tự nhi&ecirc;n. Gia đ&igrave;nh chị Hoa rất h&agrave;i l&ograve;ng với kh&ocirc;ng gian sống mới, đặc biệt l&agrave; khu vực ph&ograve;ng kh&aacute;ch v&agrave; bếp.</li>\r\n</ul>\r\n\r\n<p><strong>Dự &Aacute;n Biệt Thự Phong C&aacute;ch T&acirc;n Cổ Điển tại B&igrave;nh Dương</strong></p>\r\n\r\n<ul>\r\n	<li><strong>Kh&aacute;ch H&agrave;ng</strong>: Anh T&ugrave;ng v&agrave; gia đ&igrave;nh</li>\r\n	<li><strong>Y&ecirc;u Cầu</strong>: Thiết kế nội thất theo phong c&aacute;ch t&acirc;n cổ điển, ch&uacute; trọng đến chi tiết v&agrave; sự sang trọng.</li>\r\n	<li><strong>Giải Ph&aacute;p</strong>: Sử dụng c&aacute;c vật liệu cao cấp như đ&aacute; cẩm thạch, gỗ &oacute;c ch&oacute; v&agrave; vải nhung. C&aacute;c chi tiết như đ&egrave;n ch&ugrave;m, ph&agrave;o chỉ v&agrave; nội thất được chạm khắc tinh xảo tạo n&ecirc;n kh&ocirc;ng gian đẳng cấp v&agrave; qu&yacute; ph&aacute;i.</li>\r\n	<li><strong>Kết Quả</strong>: Biệt thự trở th&agrave;nh một t&aacute;c phẩm nghệ thuật với vẻ đẹp tinh tế v&agrave; sang trọng. Anh T&ugrave;ng v&agrave; gia đ&igrave;nh rất h&agrave;i l&ograve;ng với kh&ocirc;ng gian sống mới, nơi m&agrave; họ c&oacute; thể tận hưởng sự thoải m&aacute;i v&agrave; đẳng cấp.</li>\r\n</ul>\r\n\r\n<h3>2. C&acirc;u Chuyện Th&agrave;nh C&ocirc;ng Từ Kh&aacute;ch H&agrave;ng</h3>\r\n\r\n<p><strong>Cải Tạo Căn Hộ Cũ Th&agrave;nh Kh&ocirc;ng Gian Sống Hiện Đại v&agrave; Tiện Nghi</strong></p>\r\n\r\n<ul>\r\n	<li><strong>Kh&aacute;ch H&agrave;ng</strong>: Chị Lan, chủ căn hộ tại Quận 3, TP.HCM</li>\r\n	<li><strong>Trước Cải Tạo</strong>: Căn hộ của chị Lan c&oacute; diện t&iacute;ch nhỏ, thiết kế cũ kỹ v&agrave; thiếu &aacute;nh s&aacute;ng. C&aacute;c ph&ograve;ng chật chội v&agrave; bố tr&iacute; kh&ocirc;ng hợp l&yacute;.</li>\r\n	<li><strong>Sau Cải Tạo</strong>: Ch&uacute;ng t&ocirc;i đ&atilde; thay đổi ho&agrave;n to&agrave;n kh&ocirc;ng gian bằng c&aacute;ch loại bỏ c&aacute;c bức tường ngăn kh&ocirc;ng cần thiết, sử dụng t&ocirc;ng m&agrave;u trắng v&agrave; &aacute;nh s&aacute;ng tự nhi&ecirc;n để mở rộng kh&ocirc;ng gian. Nội thất th&ocirc;ng minh được sử dụng để tối ưu h&oacute;a chức năng.</li>\r\n	<li><strong>H&igrave;nh Ảnh Trước v&agrave; Sau</strong>:\r\n	<ul>\r\n		<li><strong>Trước</strong>: Ph&ograve;ng kh&aacute;ch chật chội, tối tăm với nội thất cũ kỹ.</li>\r\n		<li><strong>Sau</strong>: Ph&ograve;ng kh&aacute;ch s&aacute;ng sủa, rộng r&atilde;i với sofa hiện đại v&agrave; kệ tivi tinh tế.</li>\r\n		<li><strong>Trước</strong>: Nh&agrave; bếp nhỏ hẹp, thiếu kh&ocirc;ng gian lưu trữ.</li>\r\n		<li><strong>Sau</strong>: Nh&agrave; bếp hiện đại với tủ kệ th&ocirc;ng minh, b&agrave;n ăn nhỏ gọn nhưng tiện nghi.</li>\r\n	</ul>\r\n	</li>\r\n	<li><strong>Cảm Nhận Kh&aacute;ch H&agrave;ng</strong>: Chị Lan rất h&agrave;i l&ograve;ng với kết quả cải tạo. Căn hộ mới kh&ocirc;ng chỉ đẹp hơn m&agrave; c&ograve;n tiện nghi v&agrave; thoải m&aacute;i hơn rất nhiều. Chị Lan chia sẻ: &quot;T&ocirc;i chưa từng nghĩ căn hộ nhỏ của m&igrave;nh c&oacute; thể trở n&ecirc;n tuyệt vời như vậy. Mọi thứ đều ho&agrave;n hảo v&agrave; rất tiện dụng.&quot;</li>\r\n</ul>\r\n\r\n<p><strong>Biến H&oacute;a Ng&ocirc;i Nh&agrave; Cổ Th&agrave;nh Kh&ocirc;ng Gian Sống Đa Năng</strong></p>\r\n\r\n<ul>\r\n	<li><strong>Kh&aacute;ch H&agrave;ng</strong>: Gia đ&igrave;nh anh Hải, chủ ng&ocirc;i nh&agrave; tại H&agrave; Nội</li>\r\n	<li><strong>Trước Cải Tạo</strong>: Ng&ocirc;i nh&agrave; cổ với thiết kế lạc hậu, nhiều khu vực kh&ocirc;ng được sử dụng hiệu quả, thiếu kh&ocirc;ng gian sinh hoạt chung.</li>\r\n	<li><strong>Sau Cải Tạo</strong>: Ch&uacute;ng t&ocirc;i đ&atilde; giữ lại những chi tiết cổ điển qu&yacute; gi&aacute; nhưng kết hợp với nội thất hiện đại để tạo n&ecirc;n kh&ocirc;ng gian sống tiện nghi v&agrave; đẹp mắt. C&aacute;c ph&ograve;ng được bố tr&iacute; lại để tạo th&ecirc;m kh&ocirc;ng gian sinh hoạt chung cho gia đ&igrave;nh.</li>\r\n	<li><strong>H&igrave;nh Ảnh Trước v&agrave; Sau</strong>:\r\n	<ul>\r\n		<li><strong>Trước</strong>: Ph&ograve;ng kh&aacute;ch cũ kỹ, thiếu &aacute;nh s&aacute;ng v&agrave; kh&ocirc;ng gian sinh hoạt.</li>\r\n		<li><strong>Sau</strong>: Ph&ograve;ng kh&aacute;ch hiện đại với đ&egrave;n ch&ugrave;m tinh tế, sofa rộng r&atilde;i v&agrave; cửa sổ lớn đ&oacute;n &aacute;nh s&aacute;ng.</li>\r\n		<li><strong>Trước</strong>: Ph&ograve;ng bếp lộn xộn v&agrave; thiếu tiện nghi.</li>\r\n		<li><strong>Sau</strong>: Ph&ograve;ng bếp gọn g&agrave;ng với đảo bếp tiện lợi, tủ kệ đa năng.</li>\r\n	</ul>\r\n	</li>\r\n	<li><strong>Cảm Nhận Kh&aacute;ch H&agrave;ng</strong>: Anh Hải rất h&agrave;i l&ograve;ng với sự thay đổi. &quot;Ng&ocirc;i nh&agrave; của ch&uacute;ng t&ocirc;i b&acirc;y giờ kh&ocirc;ng chỉ đẹp m&agrave; c&ograve;n rất tiện nghi. C&aacute;c con t&ocirc;i rất th&iacute;ch kh&ocirc;ng gian sinh hoạt chung mới v&agrave; ch&uacute;ng t&ocirc;i cảm thấy gắn kết hơn.&quot;</li>\r\n</ul>\r\n\r\n<p>Những dự &aacute;n v&agrave; c&acirc;u chuyện th&agrave;nh c&ocirc;ng n&agrave;y kh&ocirc;ng chỉ thể hiện sự chuy&ecirc;n nghiệp v&agrave; s&aacute;ng tạo trong thiết kế v&agrave; thi c&ocirc;ng nội thất m&agrave; c&ograve;n minh chứng cho việc kh&ocirc;ng gian sống c&oacute; thể thay đổi t&iacute;ch cực cuộc sống của mỗi người. Ch&uacute;ng t&ocirc;i tự h&agrave;o mang đến những giải ph&aacute;p tối ưu v&agrave; trải nghiệm tuyệt vời cho kh&aacute;ch h&agrave;ng.</p>\r\n','2024-06-08 15:32:00','post-3.jpg'),(4,' Bố Trí Nội Thất Theo Phong Thủy Để Mang Lại Tài Lộc và May Mắn','<p>Thiết kế v&agrave; thi c&ocirc;ng nội thất kh&ocirc;ng chỉ l&agrave; việc tạo n&ecirc;n những kh&ocirc;ng gian đẹp mắt m&agrave; c&ograve;n l&agrave; h&agrave;nh tr&igrave;nh biến những &yacute; tưởng v&agrave; mong muốn của kh&aacute;ch h&agrave;ng th&agrave;nh hiện thực. Dưới đ&acirc;y l&agrave; những dự &aacute;n ti&ecirc;u biểu m&agrave; ch&uacute;ng t&ocirc;i đ&atilde; thực hiện, c&ugrave;ng với c&acirc;u chuyện th&agrave;nh c&ocirc;ng v&agrave; h&igrave;nh ảnh trước v&agrave; sau khi cải tạo.</p>\r\n\r\n<h3>1. C&aacute;c Dự &Aacute;n Thiết Kế v&agrave; Thi C&ocirc;ng Nội Thất Đ&atilde; Ho&agrave;n Th&agrave;nh</h3>\r\n\r\n<p><strong>Dự &Aacute;n Căn Hộ Hiện Đại tại Quận 2, TP.HCM</strong></p>\r\n\r\n<ul>\r\n	<li><strong>Kh&aacute;ch H&agrave;ng</strong>: Gia đ&igrave;nh anh Minh</li>\r\n	<li><strong>Y&ecirc;u Cầu</strong>: Thiết kế căn hộ hiện đại, tối giản v&agrave; tối ưu h&oacute;a kh&ocirc;ng gian sống.</li>\r\n	<li><strong>Giải Ph&aacute;p</strong>: Ch&uacute;ng t&ocirc;i đ&atilde; sử dụng t&ocirc;ng m&agrave;u trắng v&agrave; x&aacute;m để tạo n&ecirc;n kh&ocirc;ng gian rộng r&atilde;i v&agrave; tho&aacute;ng đ&atilde;ng. Nội thất được lựa chọn kỹ lưỡng với c&aacute;c m&oacute;n đồ th&ocirc;ng minh, đa chức năng.</li>\r\n	<li><strong>Kết Quả</strong>: Căn hộ trở n&ecirc;n hiện đại, tinh tế v&agrave; v&ocirc; c&ugrave;ng tiện nghi. Gia đ&igrave;nh anh Minh rất h&agrave;i l&ograve;ng với sự thay đổi n&agrave;y.</li>\r\n</ul>\r\n\r\n<p><strong>Dự &Aacute;n Biệt Thự Sang Trọng tại Quận 9, TP.HCM</strong></p>\r\n\r\n<ul>\r\n	<li><strong>Kh&aacute;ch H&agrave;ng</strong>: Chị Hương v&agrave; gia đ&igrave;nh</li>\r\n	<li><strong>Y&ecirc;u Cầu</strong>: Thiết kế nội thất sang trọng, đẳng cấp với c&aacute;c chất liệu cao cấp.</li>\r\n	<li><strong>Giải Ph&aacute;p</strong>: Sử dụng c&aacute;c vật liệu như đ&aacute; cẩm thạch, gỗ &oacute;c ch&oacute; v&agrave; da cao cấp, ch&uacute;ng t&ocirc;i đ&atilde; tạo n&ecirc;n một kh&ocirc;ng gian sống đẳng cấp v&agrave; tinh tế.</li>\r\n	<li><strong>Kết Quả</strong>: Biệt thự của chị Hương trở th&agrave;nh một kh&ocirc;ng gian sống l&yacute; tưởng, đậm chất thượng lưu v&agrave; sang trọng.</li>\r\n</ul>\r\n\r\n<h3>2. C&acirc;u Chuyện Th&agrave;nh C&ocirc;ng Từ Kh&aacute;ch H&agrave;ng</h3>\r\n\r\n<p><strong>Cải Tạo Căn Hộ Nhỏ Th&agrave;nh Kh&ocirc;ng Gian Sống Đa Năng v&agrave; Hiện Đại</strong></p>\r\n\r\n<ul>\r\n	<li><strong>Kh&aacute;ch H&agrave;ng</strong>: Chị Lan, chủ căn hộ tại Quận 3, TP.HCM</li>\r\n	<li><strong>Trước Cải Tạo</strong>: Căn hộ của chị Lan c&oacute; diện t&iacute;ch nhỏ, bố tr&iacute; cũ kỹ v&agrave; thiếu &aacute;nh s&aacute;ng.</li>\r\n	<li><strong>Sau Cải Tạo</strong>: Ch&uacute;ng t&ocirc;i đ&atilde; loại bỏ c&aacute;c bức tường ngăn kh&ocirc;ng cần thiết, sử dụng t&ocirc;ng m&agrave;u s&aacute;ng để mở rộng kh&ocirc;ng gian v&agrave; nội thất th&ocirc;ng minh để tối ưu h&oacute;a chức năng.</li>\r\n	<li><strong>H&igrave;nh Ảnh Trước v&agrave; Sau</strong>:\r\n	<ul>\r\n		<li><strong>Trước</strong>: Ph&ograve;ng kh&aacute;ch chật chội, tối tăm với nội thất cũ kỹ.</li>\r\n		<li><strong>Sau</strong>: Ph&ograve;ng kh&aacute;ch s&aacute;ng sủa, rộng r&atilde;i với sofa hiện đại v&agrave; kệ tivi tinh tế.</li>\r\n		<li><strong>Trước</strong>: Nh&agrave; bếp nhỏ hẹp, thiếu kh&ocirc;ng gian lưu trữ.</li>\r\n		<li><strong>Sau</strong>: Nh&agrave; bếp hiện đại với tủ kệ th&ocirc;ng minh, b&agrave;n ăn nhỏ gọn nhưng tiện nghi.</li>\r\n	</ul>\r\n	</li>\r\n	<li><strong>Cảm Nhận Kh&aacute;ch H&agrave;ng</strong>: Chị Lan rất h&agrave;i l&ograve;ng với kết quả cải tạo. &quot;Căn hộ của t&ocirc;i b&acirc;y giờ kh&ocirc;ng chỉ đẹp hơn m&agrave; c&ograve;n tiện nghi v&agrave; thoải m&aacute;i hơn rất nhiều. Mọi thứ đều ho&agrave;n hảo v&agrave; rất tiện dụng.&quot;</li>\r\n</ul>\r\n\r\n<p><strong>Biến H&oacute;a Ng&ocirc;i Nh&agrave; Cổ Th&agrave;nh Kh&ocirc;ng Gian Sống Hiện Đại v&agrave; Tiện Nghi</strong></p>\r\n\r\n<ul>\r\n	<li><strong>Kh&aacute;ch H&agrave;ng</strong>: Gia đ&igrave;nh anh Hải, chủ ng&ocirc;i nh&agrave; tại H&agrave; Nội</li>\r\n	<li><strong>Trước Cải Tạo</strong>: Ng&ocirc;i nh&agrave; cổ với thiết kế lạc hậu, nhiều khu vực kh&ocirc;ng được sử dụng hiệu quả, thiếu kh&ocirc;ng gian sinh hoạt chung.</li>\r\n	<li><strong>Sau Cải Tạo</strong>: Ch&uacute;ng t&ocirc;i giữ lại những chi tiết cổ điển qu&yacute; gi&aacute; v&agrave; kết hợp với nội thất hiện đại để tạo n&ecirc;n kh&ocirc;ng gian sống tiện nghi v&agrave; đẹp mắt. C&aacute;c ph&ograve;ng được bố tr&iacute; lại để tạo th&ecirc;m kh&ocirc;ng gian sinh hoạt chung cho gia đ&igrave;nh.</li>\r\n	<li><strong>H&igrave;nh Ảnh Trước v&agrave; Sau</strong>:\r\n	<ul>\r\n		<li><strong>Trước</strong>: Ph&ograve;ng kh&aacute;ch cũ kỹ, thiếu &aacute;nh s&aacute;ng v&agrave; kh&ocirc;ng gian sinh hoạt.</li>\r\n		<li><strong>Sau</strong>: Ph&ograve;ng kh&aacute;ch hiện đại với đ&egrave;n ch&ugrave;m tinh tế, sofa rộng r&atilde;i v&agrave; cửa sổ lớn đ&oacute;n &aacute;nh s&aacute;ng.</li>\r\n		<li><strong>Trước</strong>: Ph&ograve;ng bếp lộn xộn v&agrave; thiếu tiện nghi.</li>\r\n		<li><strong>Sau</strong>: Ph&ograve;ng bếp gọn g&agrave;ng với đảo bếp tiện lợi, tủ kệ đa năng.</li>\r\n	</ul>\r\n	</li>\r\n	<li><strong>Cảm Nhận Kh&aacute;ch H&agrave;ng</strong>: Anh Hải rất h&agrave;i l&ograve;ng với sự thay đổi. &quot;Ng&ocirc;i nh&agrave; của ch&uacute;ng t&ocirc;i b&acirc;y giờ kh&ocirc;ng chỉ đẹp m&agrave; c&ograve;n rất tiện nghi. C&aacute;c con t&ocirc;i rất th&iacute;ch kh&ocirc;ng gian sinh hoạt chung mới v&agrave; ch&uacute;ng t&ocirc;i cảm thấy gắn kết hơn.&quot;</li>\r\n</ul>\r\n\r\n<p>Những dự &aacute;n v&agrave; c&acirc;u chuyện th&agrave;nh c&ocirc;ng n&agrave;y kh&ocirc;ng chỉ thể hiện sự chuy&ecirc;n nghiệp v&agrave; s&aacute;ng tạo trong thiết kế v&agrave; thi c&ocirc;ng nội thất m&agrave; c&ograve;n minh chứng cho việc kh&ocirc;ng gian sống c&oacute; thể thay đổi t&iacute;ch cực cuộc sống của mỗi người. Ch&uacute;ng t&ocirc;i tự h&agrave;o mang đến những giải ph&aacute;p tối ưu v&agrave; trải nghiệm tuyệt vời cho kh&aacute;ch h&agrave;ng.</p>\r\n\r\n<p>&nbsp;</p>\r\n\r\n<p>&nbsp;</p>\r\n\r\n<p>&nbsp;</p>\r\n\r\n<p>&nbsp;</p>\r\n\r\n<p>&nbsp;</p>\r\n','2024-06-08 15:41:00','img-grid-1.jpg'),(6,'Phỏng Vấn Chuyên Gia Trong Ngành Thiết Kế và Kiến Trúc Nội Thất: Nhận Định và Lời Khuyên','<p>Để hiểu r&otilde; hơn về xu hướng v&agrave; c&aacute;c yếu tố quan trọng trong thiết kế nội thất, ch&uacute;ng t&ocirc;i đ&atilde; c&oacute; dịp phỏng vấn một số chuy&ecirc;n gia h&agrave;ng đầu trong ng&agrave;nh. Dưới đ&acirc;y l&agrave; những chia sẻ v&agrave; lời khuy&ecirc;n hữu &iacute;ch từ họ.</p>\r\n\r\n<h3>1. Phỏng Vấn Nh&agrave; Thiết Kế Nội Thất Minh T&uacute;</h3>\r\n\r\n<p><strong>Ph&oacute;ng Vi&ecirc;n (PV):</strong> Ch&agrave;o Minh T&uacute;, bạn c&oacute; thể chia sẻ một ch&uacute;t về phong c&aacute;ch thiết kế m&agrave; bạn y&ecirc;u th&iacute;ch v&agrave; thường &aacute;p dụng kh&ocirc;ng?</p>\r\n\r\n<p><strong>Minh T&uacute; (MT):</strong> Ch&agrave;o bạn, t&ocirc;i lu&ocirc;n c&oacute; niềm đam m&ecirc; với phong c&aacute;ch thiết kế tối giản (minimalism). Phong c&aacute;ch n&agrave;y kh&ocirc;ng chỉ mang lại sự gọn g&agrave;ng, tinh tế m&agrave; c&ograve;n gi&uacute;p tối ưu h&oacute;a kh&ocirc;ng gian v&agrave; chức năng. Đặc biệt, trong c&aacute;c căn hộ nhỏ, tối giản l&agrave; lựa chọn l&yacute; tưởng để tạo cảm gi&aacute;c rộng r&atilde;i v&agrave; tho&aacute;ng đ&atilde;ng.</p>\r\n\r\n<p><strong>PV:</strong> Bạn c&oacute; lời khuy&ecirc;n n&agrave;o cho những người đang muốn thiết kế lại ng&ocirc;i nh&agrave; của m&igrave;nh kh&ocirc;ng?</p>\r\n\r\n<p><strong>MT:</strong> Điều quan trọng nhất l&agrave; phải hiểu r&otilde; nhu cầu v&agrave; phong c&aacute;ch sống của m&igrave;nh. Bạn cần x&aacute;c định mục ti&ecirc;u cụ thể cho từng kh&ocirc;ng gian, chẳng hạn như ph&ograve;ng kh&aacute;ch n&ecirc;n ấm c&uacute;ng v&agrave; th&acirc;n thiện, ph&ograve;ng ngủ cần y&ecirc;n tĩnh v&agrave; thư gi&atilde;n. H&atilde;y bắt đầu bằng việc chọn một bảng m&agrave;u cơ bản v&agrave; từ đ&oacute; ph&aacute;t triển c&aacute;c chi tiết kh&aacute;c.</p>\r\n\r\n<h3>2. Phỏng Vấn Kiến Tr&uacute;c Sư Ho&agrave;ng Nam</h3>\r\n\r\n<p><strong>PV:</strong> Ch&agrave;o Ho&agrave;ng Nam, theo anh, xu hướng thiết kế nội thất n&agrave;o sẽ thịnh h&agrave;nh trong năm tới?</p>\r\n\r\n<p><strong>Ho&agrave;ng Nam (HN):</strong> Ch&agrave;o bạn, t&ocirc;i nghĩ rằng thiết kế bền vững (sustainable design) sẽ tiếp tục l&agrave; xu hướng chủ đạo. Người ti&ecirc;u d&ugrave;ng ng&agrave;y c&agrave;ng quan t&acirc;m đến việc bảo vệ m&ocirc;i trường v&agrave; sức khỏe. Do đ&oacute;, sử dụng vật liệu th&acirc;n thiện với m&ocirc;i trường, thiết kế tiết kiệm năng lượng v&agrave; nội thất đa năng sẽ rất được ưa chuộng.</p>\r\n\r\n<p><strong>PV:</strong> Anh c&oacute; thể chia sẻ một số mẹo để cải thiện kh&ocirc;ng gian sống nhỏ hẹp kh&ocirc;ng?</p>\r\n\r\n<p><strong>HN:</strong> Đối với c&aacute;c kh&ocirc;ng gian nhỏ, việc sử dụng nội thất đa năng v&agrave; thiết kế th&ocirc;ng minh l&agrave; rất quan trọng. V&iacute; dụ, bạn c&oacute; thể chọn sofa giường hoặc b&agrave;n ăn gấp gọn. Ngo&agrave;i ra, sử dụng gương lớn v&agrave; m&agrave;u sắc s&aacute;ng sẽ gi&uacute;p kh&ocirc;ng gian tr&ocirc;ng rộng hơn. Đừng qu&ecirc;n tận dụng c&aacute;c g&oacute;c chết bằng c&aacute;ch lắp đặt kệ hoặc tủ lưu trữ.</p>\r\n\r\n<h3>3. Phỏng Vấn Chuy&ecirc;n Gia Trang Tr&iacute; Nội Thất H&agrave; My</h3>\r\n\r\n<p><strong>PV:</strong> Ch&agrave;o H&agrave; My, chị c&oacute; thể chia sẻ về c&aacute;ch chọn m&agrave;u sắc ph&ugrave; hợp cho từng kh&ocirc;ng gian trong nh&agrave; kh&ocirc;ng?</p>\r\n\r\n<p><strong>H&agrave; My (HM):</strong> Ch&agrave;o bạn, việc chọn m&agrave;u sắc rất quan trọng trong thiết kế nội thất v&igrave; n&oacute; ảnh hưởng trực tiếp đến t&acirc;m trạng v&agrave; cảm gi&aacute;c của ch&uacute;ng ta. Với ph&ograve;ng kh&aacute;ch, bạn n&ecirc;n chọn những t&ocirc;ng m&agrave;u trung t&iacute;nh như trắng, x&aacute;m, hoặc xanh nhạt để tạo cảm gi&aacute;c thoải m&aacute;i v&agrave; dễ chịu. Ph&ograve;ng ngủ th&igrave; n&ecirc;n sử dụng c&aacute;c m&agrave;u nhẹ nh&agrave;ng như xanh dương, hồng nhạt hoặc pastel để mang lại sự y&ecirc;n b&igrave;nh v&agrave; thư gi&atilde;n. Đối với ph&ograve;ng bếp, m&agrave;u sắc tươi s&aacute;ng như v&agrave;ng nhạt hoặc xanh l&aacute; c&acirc;y c&oacute; thể k&iacute;ch th&iacute;ch cảm gi&aacute;c ngon miệng v&agrave; tạo kh&ocirc;ng kh&iacute; vui vẻ.</p>\r\n\r\n<p><strong>PV:</strong> Chị c&oacute; lời khuy&ecirc;n n&agrave;o cho việc trang tr&iacute; nh&agrave; cửa để tạo điểm nhấn kh&ocirc;ng?</p>\r\n\r\n<p><strong>HM:</strong> Để tạo điểm nhấn, bạn c&oacute; thể sử dụng c&aacute;c chi tiết trang tr&iacute; như tranh treo tường, đ&egrave;n ch&ugrave;m, hoặc c&aacute;c m&oacute;n đồ nghệ thuật độc đ&aacute;o. Tuy nhi&ecirc;n, h&atilde;y ch&uacute; &yacute; đến sự h&agrave;i h&ograve;a v&agrave; c&acirc;n đối trong kh&ocirc;ng gian. Đừng qu&aacute; lạm dụng nhiều chi tiết sẽ g&acirc;y rối mắt v&agrave; mất đi t&iacute;nh thẩm mỹ. Một v&agrave;i điểm nhấn vừa đủ sẽ l&agrave;m cho kh&ocirc;ng gian trở n&ecirc;n sống động v&agrave; cuốn h&uacute;t hơn.</p>\r\n\r\n<h3>4. Phỏng Vấn Chuy&ecirc;n Gia Tư Vấn Nội Thất Phong Thủy Anh Tuấn</h3>\r\n\r\n<p><strong>PV:</strong> Ch&agrave;o Anh Tuấn, anh c&oacute; thể chia sẻ một số nguy&ecirc;n tắc cơ bản của phong thủy trong thiết kế nội thất kh&ocirc;ng?</p>\r\n\r\n<p><strong>Anh Tuấn (AT):</strong> Ch&agrave;o bạn, phong thủy trong thiết kế nội thất tập trung v&agrave;o việc c&acirc;n bằng năng lượng trong kh&ocirc;ng gian sống. Một số nguy&ecirc;n tắc cơ bản bao gồm:</p>\r\n\r\n<ul>\r\n	<li><strong>Sắp xếp đồ đạc hợp l&yacute;:</strong> Đảm bảo kh&ocirc;ng gian tho&aacute;ng đ&atilde;ng, đồ đạc kh&ocirc;ng cản trở lối đi v&agrave; c&aacute;c cửa sổ để &aacute;nh s&aacute;ng tự nhi&ecirc;n c&oacute; thể lan tỏa khắp ph&ograve;ng.</li>\r\n	<li><strong>Sử dụng m&agrave;u sắc hợp l&yacute;:</strong> Chọn m&agrave;u sắc ph&ugrave; hợp với mệnh v&agrave; hướng nh&agrave; của chủ nh&acirc;n. V&iacute; dụ, người mệnh Kim n&ecirc;n sử dụng c&aacute;c m&agrave;u trắng, x&aacute;m, bạc.</li>\r\n	<li><strong>Bố tr&iacute; c&aacute;c yếu tố tự nhi&ecirc;n:</strong> C&acirc;y xanh, nước v&agrave; &aacute;nh s&aacute;ng tự nhi&ecirc;n l&agrave; những yếu tố quan trọng gi&uacute;p c&acirc;n bằng năng lượng trong nh&agrave;.</li>\r\n</ul>\r\n\r\n<p><strong>PV:</strong> Anh c&oacute; lời khuy&ecirc;n n&agrave;o cho những người muốn cải thiện phong thủy nh&agrave; ở kh&ocirc;ng?</p>\r\n\r\n<p><strong>AT:</strong> Đầu ti&ecirc;n, h&atilde;y đảm bảo nh&agrave; cửa lu&ocirc;n gọn g&agrave;ng v&agrave; sạch sẽ v&igrave; sự lộn xộn c&oacute; thể g&acirc;y ra năng lượng ti&ecirc;u cực. Thứ hai, ch&uacute; &yacute; đến hướng của cửa ch&iacute;nh v&agrave; c&aacute;c cửa sổ, đảm bảo ch&uacute;ng kh&ocirc;ng bị chắn bởi vật cản. Cuối c&ugrave;ng, bạn c&oacute; thể sử dụng c&aacute;c vật phẩm phong thủy như gương b&aacute;t qu&aacute;i, đ&aacute; phong thủy hoặc c&acirc;y cảnh để tăng cường năng lượng t&iacute;ch cực cho ng&ocirc;i nh&agrave;.</p>\r\n\r\n<h3>Kết Luận</h3>\r\n\r\n<p>Những nhận định v&agrave; lời khuy&ecirc;n từ c&aacute;c chuy&ecirc;n gia thiết kế, kiến tr&uacute;c sư v&agrave; chuy&ecirc;n gia phong thủy tr&ecirc;n đ&acirc;y hy vọng sẽ gi&uacute;p bạn c&oacute; th&ecirc;m nhiều &yacute; tưởng v&agrave; th&ocirc;ng tin hữu &iacute;ch trong việc cải tạo v&agrave; trang tr&iacute; kh&ocirc;ng gian sống của m&igrave;nh. Sự kết hợp giữa t&iacute;nh thẩm mỹ, chức năng v&agrave; phong thủy sẽ tạo n&ecirc;n một ng&ocirc;i nh&agrave; ho&agrave;n hảo, mang lại sự thoải m&aacute;i v&agrave; hạnh ph&uacute;c cho gia đ&igrave;nh bạn.</p>\r\n','2024-06-08 15:37:00','img-grid-2.jpg');
/*!40000 ALTER TABLE `news` ENABLE KEYS */;
UNLOCK TABLES;

--
-- Table structure for table `provider`
--

DROP TABLE IF EXISTS `provider`;
/*!40101 SET @saved_cs_client     = @@character_set_client */;
/*!50503 SET character_set_client = utf8mb4 */;
CREATE TABLE `provider` (
  `provider_id` int NOT NULL AUTO_INCREMENT,
  `provider_name` varchar(255) NOT NULL,
  `address` varchar(255) DEFAULT NULL,
  `phone_number` varchar(20) DEFAULT NULL,
  `email` varchar(255) DEFAULT NULL,
  `create_at` timestamp NULL DEFAULT CURRENT_TIMESTAMP,
  `update_at` timestamp NULL DEFAULT CURRENT_TIMESTAMP ON UPDATE CURRENT_TIMESTAMP,
  `status` tinyint DEFAULT '1',
  PRIMARY KEY (`provider_id`),
  UNIQUE KEY `email_UNIQUE` (`email`)
) ENGINE=InnoDB AUTO_INCREMENT=3 DEFAULT CHARSET=utf8mb4 COLLATE=utf8mb4_0900_ai_ci;
/*!40101 SET character_set_client = @saved_cs_client */;

--
-- Dumping data for table `provider`
--

LOCK TABLES `provider` WRITE;
/*!40000 ALTER TABLE `provider` DISABLE KEYS */;
INSERT INTO `provider` VALUES (1,'Phí Đức Thanh','Hưng Yên','0366727375','phiducthanh@gmail.com','2024-06-09 14:08:45','2024-06-09 14:59:57',1),(2,'Nguyễn Văn Tùng','Hưng Yên','0763535964','nguyenvantung@gmail.com','2024-06-09 15:01:46','2024-06-09 15:01:46',0);
/*!40000 ALTER TABLE `provider` ENABLE KEYS */;
UNLOCK TABLES;

--
-- Table structure for table `rule`
--

DROP TABLE IF EXISTS `rule`;
/*!40101 SET @saved_cs_client     = @@character_set_client */;
/*!50503 SET character_set_client = utf8mb4 */;
CREATE TABLE `rule` (
  `rule_id` int NOT NULL AUTO_INCREMENT,
  `rule_name` varchar(255) NOT NULL,
  PRIMARY KEY (`rule_id`)
) ENGINE=InnoDB DEFAULT CHARSET=utf8mb4 COLLATE=utf8mb4_0900_ai_ci;
/*!40101 SET character_set_client = @saved_cs_client */;

--
-- Dumping data for table `rule`
--

LOCK TABLES `rule` WRITE;
/*!40000 ALTER TABLE `rule` DISABLE KEYS */;
/*!40000 ALTER TABLE `rule` ENABLE KEYS */;
UNLOCK TABLES;

--
-- Table structure for table `slide`
--

DROP TABLE IF EXISTS `slide`;
/*!40101 SET @saved_cs_client     = @@character_set_client */;
/*!50503 SET character_set_client = utf8mb4 */;
CREATE TABLE `slide` (
  `slide_id` int NOT NULL AUTO_INCREMENT,
  `image` varchar(255) NOT NULL,
  `description` text,
  PRIMARY KEY (`slide_id`)
) ENGINE=InnoDB AUTO_INCREMENT=2 DEFAULT CHARSET=utf8mb4 COLLATE=utf8mb4_0900_ai_ci;
/*!40101 SET character_set_client = @saved_cs_client */;

--
-- Dumping data for table `slide`
--

LOCK TABLES `slide` WRITE;
/*!40000 ALTER TABLE `slide` DISABLE KEYS */;
INSERT INTO `slide` VALUES (1,'Screenshot 2023-11-16 081711.png','<p>Gia đình da màu</p>');
/*!40000 ALTER TABLE `slide` ENABLE KEYS */;
UNLOCK TABLES;

--
-- Table structure for table `wishlist`
--

DROP TABLE IF EXISTS `wishlist`;
/*!40101 SET @saved_cs_client     = @@character_set_client */;
/*!50503 SET character_set_client = utf8mb4 */;
CREATE TABLE `wishlist` (
  `wishlist_id` int NOT NULL AUTO_INCREMENT,
  `account_id` int DEFAULT NULL,
  `product_id` int DEFAULT NULL,
  PRIMARY KEY (`wishlist_id`),
  KEY `product_id` (`product_id`),
  KEY `wishlist_ibfk_1_idx` (`account_id`),
  CONSTRAINT `wishlist_ibfk_1` FOREIGN KEY (`account_id`) REFERENCES `account` (`account_id`),
  CONSTRAINT `wishlist_ibfk_2` FOREIGN KEY (`product_id`) REFERENCES `detail_product` (`product_id`)
) ENGINE=InnoDB DEFAULT CHARSET=utf8mb4 COLLATE=utf8mb4_0900_ai_ci;
/*!40101 SET character_set_client = @saved_cs_client */;

--
-- Dumping data for table `wishlist`
--

LOCK TABLES `wishlist` WRITE;
/*!40000 ALTER TABLE `wishlist` DISABLE KEYS */;
/*!40000 ALTER TABLE `wishlist` ENABLE KEYS */;
UNLOCK TABLES;

--
-- Dumping events for database 'doanqlnt'
--

--
-- Dumping routines for database 'doanqlnt'
--
/*!40103 SET TIME_ZONE=@OLD_TIME_ZONE */;

/*!40101 SET SQL_MODE=@OLD_SQL_MODE */;
/*!40014 SET FOREIGN_KEY_CHECKS=@OLD_FOREIGN_KEY_CHECKS */;
/*!40014 SET UNIQUE_CHECKS=@OLD_UNIQUE_CHECKS */;
/*!40101 SET CHARACTER_SET_CLIENT=@OLD_CHARACTER_SET_CLIENT */;
/*!40101 SET CHARACTER_SET_RESULTS=@OLD_CHARACTER_SET_RESULTS */;
/*!40101 SET COLLATION_CONNECTION=@OLD_COLLATION_CONNECTION */;
/*!40111 SET SQL_NOTES=@OLD_SQL_NOTES */;

-- Dump completed on 2024-06-17  6:41:55
